time_s;vx;vel_smo.get_vx();vy;vel_smo.get_vy();wz;vel_smo.get_wz();phase[0].get_state();phase[1].get_state();phase[2].get_state();phase[3].get_state();phase[0].is_centered();phase[1].is_centered();phase[2].is_centered();phase[3].is_centered()
0;0;0;0;0;0;0;0;0;0;0;0;0;0;0
0.0030003;0;0;0;0;0;0;0;0;0;0;0;0;0;0
0.0060006;0;0;0;0;0;0;0;0;0;0;0;0;0;0
0.0090009;0;0;0;0;0;0;0;0;0;0;0;0;0;0
0.0120012;0;0;0;0;0;0;0;0;0;0;0;0;0;0
0.0150015;0;0;0;0;0;0;0;0;0;0;0;0;0;0
0.0180018;0;0;0;0;0;0;0;0;0;0;0;0;0;0
0.0210021;0;0;0;0;0;0;0;0;0;0;0;0;0;0
0.0240024;0;0;0;0;0;0;0;0;0;0;0;0;0;0
0.0270027;0;0;0;0;0;0;0;0;0;0;0;0;0;0
0.030003;0;0;0;0;0;0;0;0;0;0;0;0;0;0
0.0330033;0;0;0;0;0;0;0;0;0;0;0;0;0;0
0.0360036;0;0;0;0;0;0;0;0;0;0;0;0;0;0
0.0390039;0;0;0;0;0;0;0;0;0;0;0;0;0;0
0.0420042;0;0;0;0;0;0;0;0;0;0;0;0;0;0
0.0450045;0;0;0;0;0;0;0;0;0;0;0;0;0;0
0.0480048;0;0;0;0;0;0;0;0;0;0;0;0;0;0
0.0510051;0;0;0;0;0;0;0;0;0;0;0;0;0;0
0.0540054;0;0;0;0;0;0;0;0;0;0;0;0;0;0
0.0570057;0;0;0;0;0;0;0;0;0;0;0;0;0;0
0.060006;0;0;0;0;0;0;0;0;0;0;0;0;0;0
0.0630063;0;0;0;0;0;0;0;0;0;0;0;0;0;0
0.0660066;0;0;0;0;0;0;0;0;0;0;0;0;0;0
0.0690069;0;0;0;0;0;0;0;0;0;0;0;0;0;0
0.0720072;0;0;0;0;0;0;0;0;0;0;0;0;0;0
0.0750075;0;0;0;0;0;0;0;0;0;0;0;0;0;0
0.0780078;0;0;0;0;0;0;0;0;0;0;0;0;0;0
0.0810081;0;0;0;0;0;0;0;0;0;0;0;0;0;0
0.0840084;0;0;0;0;0;0;0;0;0;0;0;0;0;0
0.0870087;0;0;0;0;0;0;0;0;0;0;0;0;0;0
0.090009;0;0;0;0;0;0;0;0;0;0;0;0;0;0
0.0930093;0;0;0;0;0;0;0;0;0;0;0;0;0;0
0.0960096;0;0;0;0;0;0;0;0;0;0;0;0;0;0
0.0990099;0;0;0;0;0;0;0;0;0;0;0;0;0;0
0.10201;0.05;0.00030003;0;0;0;0;0;0;0;0;0;0;0;0
0.10501;0.05;0.00060006;0;0;0;0;0;0;0;0;0;0;0;0
0.108011;0.05;0.00090009;0;0;0;0;0;0;0;0;0;0;0;0
0.111011;0.05;0.00120012;0;0;0;0;0;0;0;0;0;0;0;0
0.114011;0.05;0.00150015;0;0;0;0;0;0;0;0;0;0;0;0
0.117012;0.05;0.00180018;0;0;0;0;0;0;0;0;0;0;0;0
0.120012;0.05;0.00210021;0;0;0;0;0;0;0;0;0;0;0;0
0.123012;0.05;0.00240024;0;0;0;0;0;0;0;0;0;0;0;0
0.126013;0.05;0.00270027;0;0;0;0;0;0;0;0;0;0;0;0
0.129013;0.05;0.0030003;0;0;0;0;0;0;0;0;0;0;0;0
0.132013;0.05;0.00330033;0;0;0;0;0;0;0;0;0;0;0;0
0.135013;0.05;0.00360036;0;0;0;0;0;0;0;0;0;0;0;0
0.138014;0.05;0.00390039;0;0;0;0;0;0;0;0;0;0;0;0
0.141014;0.05;0.00420042;0;0;0;0;0;0;0;0;0;0;0;0
0.144014;0.05;0.00450045;0;0;0;0;0;0;0;0;0;0;0;0
0.147015;0.05;0.00480048;0;0;0;0;0;0;0;0;0;0;0;0
0.150015;0.05;0.00510051;0;0;0;0;0;0;0;0;0;0;0;0
0.153015;0.05;0.00540054;0;0;0;0;0;0;0;0;0;0;0;0
0.156016;0.05;0.00570057;0;0;0;0;0;0;0;0;0;0;0;0
0.159016;0.05;0.0060006;0;0;0;0;0;0;0;0;0;0;0;0
0.162016;0.05;0.00630063;0;0;0;0;0;0;0;0;0;0;0;0
0.165016;0.05;0.00660066;0;0;0;0;0;0;0;0;0;0;0;0
0.168017;0.05;0.00690069;0;0;0;0;0;0;0;0;0;0;0;0
0.171017;0.05;0.00720072;0;0;0;0;0;0;0;0;0;0;0;0
0.174017;0.05;0.00750075;0;0;0;0;0;0;0;0;0;0;0;0
0.177018;0.05;0.00780078;0;0;0;0;0;0;0;0;0;0;0;0
0.180018;0.05;0.00810081;0;0;0;0;0;0;0;0;0;0;0;0
0.183018;0.05;0.00840084;0;0;0;0;0;0;0;0;0;0;0;0
0.186019;0.05;0.00870087;0;0;0;0;0;0;0;0;0;0;0;0
0.189019;0.05;0.0090009;0;0;0;0;0;0;0;0;0;0;0;0
0.192019;0.05;0.00930093;0;0;0;0;0;0;0;0;0;0;0;0
0.19502;0.05;0.00960096;0;0;0;0;0;0;0;0;0;0;0;0
0.19802;0.05;0.00990099;0;0;0;0;0;0;0;0;0;0;0;0
0.20102;0.05;0.010201;0;0;0;0;0;0;0;0;0;0;0;0
0.20402;0.05;0.0105011;0;0;0;0;0;0;0;0;0;0;0;0
0.207021;0.05;0.0108011;0;0;0;0;0;0;0;0;0;0;0;0
0.210021;0.05;0.0111011;0;0;0;0;0;0;0;0;0;0;0;0
0.213021;0.05;0.0114011;0;0;0;0;0;0;0;0;0;0;0;0
0.216022;0.05;0.0117012;0;0;0;0;0;0;0;0;0;0;0;0
0.219022;0.05;0.0120012;0;0;0;0;0;0;0;0;0;0;0;0
0.222022;0.05;0.0123012;0;0;0;0;0;0;0;0;0;0;0;0
0.225023;0.05;0.0126013;0;0;0;0;0;0;0;0;0;0;0;0
0.228023;0.05;0.0129013;0;0;0;0;0;0;0;0;0;0;0;0
0.231023;0.05;0.0132013;0;0;0;0;0;0;0;0;0;0;0;0
0.234023;0.05;0.0135014;0;0;0;0;0;0;0;0;0;0;0;0
0.237024;0.05;0.0138014;0;0;0;0;0;0;0;0;0;0;0;0
0.240024;0.05;0.0141014;0;0;0;0;0;0;0;0;0;0;0;0
0.243024;0.05;0.0144014;0;0;0;0;0;0;0;0;0;0;0;0
0.246025;0.05;0.0147015;0;0;0;0;0;0;0;0;0;0;0;0
0.249025;0.05;0.0150015;0;0;0;0;0;0;0;0;0;0;0;0
0.252025;0.05;0.0153015;0;0;0;0;0;0;0;0;0;1;0;1
0.255026;0.05;0.0156016;0;0;0;0;0;0;0;0;0;0;0;0
0.258026;0.05;0.0159016;0;0;0;0;0;0;0;0;0;0;0;0
0.261026;0.05;0.0162016;0;0;0;0;0;0;0;0;0;0;0;0
0.264026;0.05;0.0165017;0;0;0;0;0;0;0;0;0;0;0;0
0.267027;0.05;0.0168017;0;0;0;0;0;0;0;0;0;0;0;0
0.270027;0.05;0.0171017;0;0;0;0;0;0;0;0;0;0;0;0
0.273027;0.05;0.0174017;0;0;0;0;0;0;0;0;0;0;0;0
0.276028;0.05;0.0177018;0;0;0;0;0;0;0;0;0;0;0;0
0.279028;0.05;0.0180018;0;0;0;0;0;0;0;0;0;0;0;0
0.282028;0.05;0.0183018;0;0;0;0;0;0;0;0;0;0;0;0
0.285028;0.05;0.0186019;0;0;0;0;0;0;0;0;0;0;0;0
0.288029;0.05;0.0189019;0;0;0;0;0;0;0;0;0;0;0;0
0.291029;0.05;0.0192019;0;0;0;0;0;0;0;0;0;0;0;0
0.294029;0.05;0.019502;0;0;0;0;0;0;0;0;0;0;0;0
0.29703;0.05;0.019802;0;0;0;0;0;0;0;0;0;0;0;0
0.30003;0.05;0.020102;0;0;0;0;0;0;0;0;0;0;0;0
0.30303;0.05;0.020402;0;0;0;0;0;0;0;0;0;0;0;0
0.306031;0.05;0.0207021;0;0;0;0;0;0;0;0;0;0;0;0
0.309031;0.05;0.0210021;0;0;0;0;0;0;0;0;0;0;0;0
0.312031;0.05;0.0213021;0;0;0;0;0;0;0;0;0;0;0;0
0.315031;0.05;0.0216022;0;0;0;0;0;0;0;0;0;0;0;0
0.318032;0.05;0.0219022;0;0;0;0;0;0;0;0;0;0;0;0
0.321032;0.05;0.0222022;0;0;0;0;0;0;0;0;0;0;0;0
0.324032;0.05;0.0225022;0;0;0;0;0;0;0;0;0;0;0;0
0.327033;0.05;0.0228023;0;0;0;0;0;0;0;0;0;0;0;0
0.330033;0.05;0.0231023;0;0;0;0;0;0;0;0;0;0;0;0
0.333033;0.05;0.0234023;0;0;0;0;0;0;0;0;0;0;0;0
0.336033;0.05;0.0237024;0;0;0;0;0;0;0;0;0;0;0;0
0.339034;0.05;0.0240024;0;0;0;0;0;0;0;0;0;0;0;0
0.342034;0.05;0.0243024;0;0;0;0;0;0;0;0;0;0;0;0
0.345034;0.05;0.0246024;0;0;0;0;0;0;0;0;0;0;0;0
0.348035;0.05;0.0249025;0;0;0;0;0;0;0;0;0;0;0;0
0.351035;0.05;0.0252025;0;0;0;0;0;0;0;0;0;0;0;0
0.354035;0.05;0.0255025;0;0;0;0;0;0;0;0;0;0;0;0
0.357035;0.05;0.0258026;0;0;0;0;0;0;0;0;0;0;0;0
0.360036;0.05;0.0261026;0;0;0;0;0;0;0;0;0;0;0;0
0.363036;0.05;0.0264026;0;0;0;0;0;0;0;0;0;0;0;0
0.366036;0.05;0.0267027;0;0;0;0;0;0;0;0;0;0;0;0
0.369037;0.05;0.0270027;0;0;0;0;0;0;0;0;0;0;0;0
0.372037;0.05;0.0273027;0;0;0;0;0;1;0;1;0;0;0;0
0.375037;0.05;0.0276027;0;0;0;0;0;1;0;1;0;0;0;0
0.378037;0.05;0.0279028;0;0;0;0;0;1;0;1;0;0;0;0
0.381038;0.05;0.0282028;0;0;0;0;0;1;0;1;0;0;0;0
0.384038;0.05;0.0285028;0;0;0;0;0;1;0;1;0;0;0;0
0.387038;0.05;0.0288029;0;0;0;0;0;1;0;1;0;0;0;0
0.390039;0.05;0.0291029;0;0;0;0;0;1;0;1;0;0;0;0
0.393039;0.05;0.0294029;0;0;0;0;0;1;0;1;0;0;0;0
0.396039;0.05;0.0297029;0;0;0;0;0;1;0;1;0;0;0;0
0.399039;0.05;0.030003;0;0;0;0;0;1;0;1;0;0;0;0
0.40204;0.05;0.030303;0;0;0;0;0;1;0;1;0;0;0;0
0.40504;0.05;0.030603;0;0;0;0;0;1;0;1;0;0;0;0
0.40804;0.05;0.0309031;0;0;0;0;0;1;0;1;0;0;0;0
0.411041;0.05;0.0312031;0;0;0;0;0;1;0;1;0;0;0;0
0.414041;0.05;0.0315031;0;0;0;0;0;1;0;1;0;0;0;0
0.417041;0.05;0.0318032;0;0;0;0;0;1;0;1;0;0;0;0
0.420042;0.05;0.0321032;0;0;0;0;0;1;0;1;0;0;0;0
0.423042;0.05;0.0324032;0;0;0;0;0;1;0;1;0;0;0;0
0.426042;0.05;0.0327032;0;0;0;0;0;1;0;1;0;0;0;0
0.429042;0.05;0.0330033;0;0;0;0;0;1;0;1;0;0;0;0
0.432043;0.05;0.0333033;0;0;0;0;0;1;0;1;0;0;0;0
0.435043;0.05;0.0336033;0;0;0;0;0;1;0;1;0;0;0;0
0.438043;0.05;0.0339034;0;0;0;0;0;1;0;1;0;0;0;0
0.441044;0.05;0.0342034;0;0;0;0;0;1;0;1;0;0;0;0
0.444044;0.05;0.0345034;0;0;0;0;0;1;0;1;0;0;0;0
0.447044;0.05;0.0348035;0;0;0;0;0;1;0;1;0;0;0;0
0.450044;0.05;0.0351035;0;0;0;0;0;1;0;1;0;0;0;0
0.453045;0.05;0.0354035;0;0;0;0;0;1;0;1;0;0;0;0
0.456045;0.05;0.0357036;0;0;0;0;0;1;0;1;0;0;0;0
0.459045;0.05;0.0360036;0;0;0;0;0;1;0;1;0;0;0;0
0.462046;0.05;0.0363036;0;0;0;0;0;1;0;1;0;0;0;0
0.465046;0.05;0.0366037;0;0;0;0;0;1;0;1;0;0;0;0
0.468046;0.05;0.0369037;0;0;0;0;0;1;0;1;0;0;0;0
0.471046;0.05;0.0372037;0;0;0;0;0;1;0;1;0;0;0;0
0.474047;0.05;0.0375037;0;0;0;0;0;1;0;1;0;0;0;0
0.477047;0.05;0.0378038;0;0;0;0;0;1;0;1;0;0;0;0
0.480047;0.05;0.0381038;0;0;0;0;0;1;0;1;0;0;0;0
0.483048;0.05;0.0384038;0;0;0;0;0;1;0;1;0;0;0;0
0.486048;0.05;0.0387039;0;0;0;0;0;1;0;1;0;0;0;0
0.489048;0.05;0.0390039;0;0;0;0;0;1;0;1;0;0;0;0
0.492048;0.05;0.0393039;0;0;0;0;0;1;0;1;0;0;0;0
0.495049;0.05;0.039604;0;0;0;0;0;1;0;1;0;0;0;0
0.498049;0.05;0.039904;0;0;0;0;0;1;0;1;0;0;0;0
0.501049;0.05;0.040204;0;0;0;0;0;1;0;1;1;1;1;1
0.50405;0.05;0.0405041;0;0;0;0;0;1;0;1;0;0;0;0
0.50705;0.05;0.0408041;0;0;0;0;0;1;0;1;0;0;0;0
0.51005;0.05;0.0411041;0;0;0;0;0;1;0;1;0;0;0;0
0.513051;0.05;0.0414042;0;0;0;0;0;1;0;1;0;0;0;0
0.516051;0.05;0.0417042;0;0;0;0;0;1;0;1;0;0;0;0
0.519051;0.05;0.0420042;0;0;0;0;0;1;0;1;0;0;0;0
0.522052;0.05;0.0423042;0;0;0;0;0;1;0;1;0;0;0;0
0.525052;0.05;0.0426043;0;0;0;0;0;1;0;1;0;0;0;0
0.528052;0.05;0.0429043;0;0;0;0;0;1;0;1;0;0;0;0
0.531053;0.05;0.0432043;0;0;0;0;0;1;0;1;0;0;0;0
0.534053;0.05;0.0435044;0;0;0;0;0;1;0;1;0;0;0;0
0.537053;0.05;0.0438044;0;0;0;0;0;1;0;1;0;0;0;0
0.540053;0.05;0.0441044;0;0;0;0;0;1;0;1;0;0;0;0
0.543054;0.05;0.0444045;0;0;0;0;0;1;0;1;0;0;0;0
0.546054;0.05;0.0447045;0;0;0;0;0;1;0;1;0;0;0;0
0.549054;0.05;0.0450045;0;0;0;0;0;1;0;1;0;0;0;0
0.552055;0.05;0.0453046;0;0;0;0;0;1;0;1;0;0;0;0
0.555055;0.05;0.0456046;0;0;0;0;0;1;0;1;0;0;0;0
0.558055;0.05;0.0459046;0;0;0;0;0;1;0;1;0;0;0;0
0.561056;0.05;0.0462046;0;0;0;0;0;1;0;1;0;0;0;0
0.564056;0.05;0.0465047;0;0;0;0;0;1;0;1;0;0;0;0
0.567056;0.05;0.0468047;0;0;0;0;0;1;0;1;0;0;0;0
0.570057;0.05;0.0471047;0;0;0;0;0;1;0;1;0;0;0;0
0.573057;0.05;0.0474048;0;0;0;0;0;1;0;1;0;0;0;0
0.576057;0.05;0.0477048;0;0;0;0;0;1;0;1;0;0;0;0
0.579058;0.05;0.0480048;0;0;0;0;0;1;0;1;0;0;0;0
0.582058;0.05;0.0483049;0;0;0;0;0;1;0;1;0;0;0;0
0.585058;0.05;0.0486049;0;0;0;0;0;1;0;1;0;0;0;0
0.588059;0.05;0.0489049;0;0;0;0;0;1;0;1;0;0;0;0
0.591059;0.05;0.049205;0;0;0;0;0;1;0;1;0;0;0;0
0.594059;0.05;0.049505;0;0;0;0;0;1;0;1;0;0;0;0
0.59706;0.05;0.049805;0;0;0;0;0;1;0;1;0;0;0;0
0.60006;0.05;0.05;0;0;0;0;0;1;0;1;0;0;0;0
0.60306;0.05;0.05;0;0;0;0;0;1;0;1;0;0;0;0
0.606061;0.05;0.05;0;0;0;0;0;1;0;1;0;0;0;0
0.609061;0.05;0.05;0;0;0;0;0;1;0;1;0;0;0;0
0.612061;0.05;0.05;0;0;0;0;0;1;0;1;0;0;0;0
0.615061;0.05;0.05;0;0;0;0;0;1;0;1;0;0;0;0
0.618062;0.05;0.05;0;0;0;0;0;1;0;1;0;0;0;0
0.621062;0.05;0.05;0;0;0;0;1;1;1;1;0;0;0;0
0.624062;0.05;0.05;0;0;0;0;1;1;1;1;0;0;0;0
0.627063;0.05;0.05;0;0;0;0;1;1;1;1;0;0;0;0
0.630063;0.05;0.05;0;0;0;0;1;0;1;0;0;0;0;0
0.633063;0.05;0.05;0;0;0;0;1;0;1;0;0;0;0;0
0.636064;0.05;0.05;0;0;0;0;1;0;1;0;0;0;0;0
0.639064;0.05;0.05;0;0;0;0;1;0;1;0;0;0;0;0
0.642064;0.05;0.05;0;0;0;0;1;0;1;0;0;0;0;0
0.645065;0.05;0.05;0;0;0;0;1;0;1;0;0;0;0;0
0.648065;0.05;0.05;0;0;0;0;1;0;1;0;0;0;0;0
0.651065;0.05;0.05;0;0;0;0;1;0;1;0;0;0;0;0
0.654066;0.05;0.05;0;0;0;0;1;0;1;0;0;0;0;0
0.657066;0.05;0.05;0;0;0;0;1;0;1;0;0;0;0;0
0.660066;0.05;0.05;0;0;0;0;1;0;1;0;0;0;0;0
0.663067;0.05;0.05;0;0;0;0;1;0;1;0;0;0;0;0
0.666067;0.05;0.05;0;0;0;0;1;0;1;0;0;0;0;0
0.669067;0.05;0.05;0;0;0;0;1;0;1;0;0;0;0;0
0.672068;0.05;0.05;0;0;0;0;1;0;1;0;0;0;0;0
0.675068;0.05;0.05;0;0;0;0;1;0;1;0;0;0;0;0
0.678068;0.05;0.05;0;0;0;0;1;0;1;0;0;0;0;0
0.681068;0.05;0.05;0;0;0;0;1;0;1;0;0;0;0;0
0.684069;0.05;0.05;0;0;0;0;1;0;1;0;0;0;0;0
0.687069;0.05;0.05;0;0;0;0;1;0;1;0;0;0;0;0
0.690069;0.05;0.05;0;0;0;0;1;0;1;0;0;0;0;0
0.69307;0.05;0.05;0;0;0;0;1;0;1;0;0;0;0;0
0.69607;0.05;0.05;0;0;0;0;1;0;1;0;0;0;0;0
0.69907;0.05;0.05;0;0;0;0;1;0;1;0;0;0;0;0
0.702071;0.05;0.05;0;0;0;0;1;0;1;0;0;0;0;0
0.705071;0.05;0.05;0;0;0;0;1;0;1;0;0;0;0;0
0.708071;0.05;0.05;0;0;0;0;1;0;1;0;0;0;0;0
0.711072;0.05;0.05;0;0;0;0;1;0;1;0;0;0;0;0
0.714072;0.05;0.05;0;0;0;0;1;0;1;0;0;0;0;0
0.717072;0.05;0.05;0;0;0;0;1;0;1;0;0;0;0;0
0.720073;0.05;0.05;0;0;0;0;1;0;1;0;0;0;0;0
0.723073;0.05;0.05;0;0;0;0;1;0;1;0;0;0;0;0
0.726073;0.05;0.05;0;0;0;0;1;0;1;0;0;0;0;0
0.729074;0.05;0.05;0;0;0;0;1;0;1;0;0;0;0;0
0.732074;0.05;0.05;0;0;0;0;1;0;1;0;0;0;0;0
0.735074;0.05;0.05;0;0;0;0;1;0;1;0;0;0;0;0
0.738075;0.05;0.05;0;0;0;0;1;0;1;0;0;0;0;0
0.741075;0.05;0.05;0;0;0;0;1;0;1;0;0;0;0;0
0.744075;0.05;0.05;0;0;0;0;1;0;1;0;0;0;0;0
0.747075;0.05;0.05;0;0;0;0;1;0;1;0;0;0;0;0
0.750076;0.05;0.05;0;0;0;0;1;0;1;0;1;1;1;1
0.753076;0.05;0.05;0;0;0;0;1;0;1;0;0;0;0;0
0.756076;0.05;0.05;0;0;0;0;1;0;1;0;0;0;0;0
0.759077;0.05;0.05;0;0;0;0;1;0;1;0;0;0;0;0
0.762077;0.05;0.05;0;0;0;0;1;0;1;0;0;0;0;0
0.765077;0.05;0.05;0;0;0;0;1;0;1;0;0;0;0;0
0.768078;0.05;0.05;0;0;0;0;1;0;1;0;0;0;0;0
0.771078;0.05;0.05;0;0;0;0;1;0;1;0;0;0;0;0
0.774078;0.05;0.05;0;0;0;0;1;0;1;0;0;0;0;0
0.777079;0.05;0.05;0;0;0;0;1;0;1;0;0;0;0;0
0.780079;0.05;0.05;0;0;0;0;1;0;1;0;0;0;0;0
0.783079;0.05;0.05;0;0;0;0;1;0;1;0;0;0;0;0
0.78608;0.05;0.05;0;0;0;0;1;0;1;0;0;0;0;0
0.78908;0.05;0.05;0;0;0;0;1;0;1;0;0;0;0;0
0.79208;0.05;0.05;0;0;0;0;1;0;1;0;0;0;0;0
0.795081;0.05;0.05;0;0;0;0;1;0;1;0;0;0;0;0
0.798081;0.05;0.05;0;0;0;0;1;0;1;0;0;0;0;0
0.801081;0.05;0.05;0;0;0;0;1;0;1;0;0;0;0;0
0.804082;0.05;0.05;0;0;0;0;1;0;1;0;0;0;0;0
0.807082;0.05;0.05;0;0;0;0;1;0;1;0;0;0;0;0
0.810082;0.05;0.05;0;0;0;0;1;0;1;0;0;0;0;0
0.813083;0.05;0.05;0;0;0;0;1;0;1;0;0;0;0;0
0.816083;0.05;0.05;0;0;0;0;1;0;1;0;0;0;0;0
0.819083;0.05;0.05;0;0;0;0;1;0;1;0;0;0;0;0
0.822083;0.05;0.05;0;0;0;0;1;0;1;0;0;0;0;0
0.825084;0.05;0.05;0;0;0;0;1;0;1;0;0;0;0;0
0.828084;0.05;0.05;0;0;0;0;1;0;1;0;0;0;0;0
0.831084;0.05;0.05;0;0;0;0;1;0;1;0;0;0;0;0
0.834085;0.05;0.05;0;0;0;0;1;0;1;0;0;0;0;0
0.837085;0.05;0.05;0;0;0;0;1;0;1;0;0;0;0;0
0.840085;0.05;0.05;0;0;0;0;1;0;1;0;0;0;0;0
0.843086;0.05;0.05;0;0;0;0;1;0;1;0;0;0;0;0
0.846086;0.05;0.05;0;0;0;0;1;0;1;0;0;0;0;0
0.849086;0.05;0.05;0;0;0;0;1;0;1;0;0;0;0;0
0.852087;0.05;0.05;0;0;0;0;1;0;1;0;0;0;0;0
0.855087;0.05;0.05;0;0;0;0;1;0;1;0;0;0;0;0
0.858087;0.05;0.05;0;0;0;0;1;0;1;0;0;0;0;0
0.861088;0.05;0.05;0;0;0;0;1;0;1;0;0;0;0;0
0.864088;0.05;0.05;0;0;0;0;1;0;1;0;0;0;0;0
0.867088;0.05;0.05;0;0;0;0;1;0;1;0;0;0;0;0
0.870089;0.05;0.05;0;0;0;0;1;1;1;1;0;0;0;0
0.873089;0.05;0.05;0;0;0;0;1;1;1;1;0;0;0;0
0.876089;0.05;0.05;0;0;0;0;1;1;1;1;0;0;0;0
0.87909;0.05;0.05;0;0;0;0;1;1;1;1;0;0;0;0
0.88209;0.05;0.05;0;0;0;0;0;1;0;1;0;0;0;0
0.88509;0.05;0.05;0;0;0;0;0;1;0;1;0;0;0;0
0.88809;0.05;0.05;0;0;0;0;0;1;0;1;0;0;0;0
0.891091;0.05;0.05;0;0;0;0;0;1;0;1;0;0;0;0
0.894091;0.05;0.05;0;0;0;0;0;1;0;1;0;0;0;0
0.897091;0.05;0.05;0;0;0;0;0;1;0;1;0;0;0;0
0.900092;0.05;0.05;0;0;0;0;0;1;0;1;0;0;0;0
0.903092;0.05;0.05;0;0;0;0;0;1;0;1;0;0;0;0
0.906092;0.05;0.05;0;0;0;0;0;1;0;1;0;0;0;0
0.909093;0.05;0.05;0;0;0;0;0;1;0;1;0;0;0;0
0.912093;0.05;0.05;0;0;0;0;0;1;0;1;0;0;0;0
0.915093;0.05;0.05;0;0;0;0;0;1;0;1;0;0;0;0
0.918094;0.05;0.05;0;0;0;0;0;1;0;1;0;0;0;0
0.921094;0.05;0.05;0;0;0;0;0;1;0;1;0;0;0;0
0.924094;0.05;0.05;0;0;0;0;0;1;0;1;0;0;0;0
0.927095;0.05;0.05;0;0;0;0;0;1;0;1;0;0;0;0
0.930095;0.05;0.05;0;0;0;0;0;1;0;1;0;0;0;0
0.933095;0.05;0.05;0;0;0;0;0;1;0;1;0;0;0;0
0.936096;0.05;0.05;0;0;0;0;0;1;0;1;0;0;0;0
0.939096;0.05;0.05;0;0;0;0;0;1;0;1;0;0;0;0
0.942096;0.05;0.05;0;0;0;0;0;1;0;1;0;0;0;0
0.945097;0.05;0.05;0;0;0;0;0;1;0;1;0;0;0;0
0.948097;0.05;0.05;0;0;0;0;0;1;0;1;0;0;0;0
0.951097;0.05;0.05;0;0;0;0;0;1;0;1;0;0;0;0
0.954098;0.05;0.05;0;0;0;0;0;1;0;1;0;0;0;0
0.957098;0.05;0.05;0;0;0;0;0;1;0;1;0;0;0;0
0.960098;0.05;0.05;0;0;0;0;0;1;0;1;0;0;0;0
0.963098;0.05;0.05;0;0;0;0;0;1;0;1;0;0;0;0
0.966099;0.05;0.05;0;0;0;0;0;1;0;1;0;0;0;0
0.969099;0.05;0.05;0;0;0;0;0;1;0;1;0;0;0;0
0.972099;0.05;0.05;0;0;0;0;0;1;0;1;0;0;0;0
0.9751;0.05;0.05;0;0;0;0;0;1;0;1;0;0;0;0
0.9781;0.05;0.05;0;0;0;0;0;1;0;1;0;0;0;0
0.9811;0.05;0.05;0;0;0;0;0;1;0;1;0;0;0;0
0.984101;0.05;0.05;0;0;0;0;0;1;0;1;0;0;0;0
0.987101;0.05;0.05;0;0;0;0;0;1;0;1;0;0;0;0
0.990101;0.05;0.05;0;0;0;0;0;1;0;1;0;0;0;0
0.993102;0.05;0.05;0;0;0;0;0;1;0;1;0;0;0;0
0.996102;0.05;0.05;0;0;0;0;0;1;0;1;0;0;0;0
0.999102;0.05;0.05;0;0;0;0;0;1;0;1;0;0;0;0
1.0021;0.05;0.05;0.1;0.00030003;0;0;0;1;0;1;1;1;1;1
1.0051;0.05;0.05;0.1;0.00060006;0;0;0;1;0;1;0;0;0;0
1.0081;0.05;0.05;0.1;0.00090009;0;0;0;1;0;1;0;0;0;0
1.0111;0.05;0.05;0.1;0.00120012;0;0;0;1;0;1;0;0;0;0
1.0141;0.05;0.05;0.1;0.00150015;0;0;0;1;0;1;0;0;0;0
1.0171;0.05;0.05;0.1;0.00180018;0;0;0;1;0;1;0;0;0;0
1.0201;0.05;0.05;0.1;0.00210021;0;0;0;1;0;1;0;0;0;0
1.0231;0.05;0.05;0.1;0.00240024;0;0;0;1;0;1;0;0;0;0
1.0261;0.05;0.05;0.1;0.00270027;0;0;0;1;0;1;0;0;0;0
1.0291;0.05;0.05;0.1;0.0030003;0;0;0;1;0;1;0;0;0;0
1.03211;0.05;0.05;0.1;0.00330033;0;0;0;1;0;1;0;0;0;0
1.03511;0.05;0.05;0.1;0.00360036;0;0;0;1;0;1;0;0;0;0
1.03811;0.05;0.05;0.1;0.00390039;0;0;0;1;0;1;0;0;0;0
1.04111;0.05;0.05;0.1;0.00420042;0;0;0;1;0;1;0;0;0;0
1.04411;0.05;0.05;0.1;0.00450045;0;0;0;1;0;1;0;0;0;0
1.04711;0.05;0.05;0.1;0.00480048;0;0;0;1;0;1;0;0;0;0
1.05011;0.05;0.05;0.1;0.00510051;0;0;0;1;0;1;0;0;0;0
1.05311;0.05;0.05;0.1;0.00540054;0;0;0;1;0;1;0;0;0;0
1.05611;0.05;0.05;0.1;0.00570057;0;0;0;1;0;1;0;0;0;0
1.05911;0.05;0.05;0.1;0.0060006;0;0;0;1;0;1;0;0;0;0
1.06211;0.05;0.05;0.1;0.00630063;0;0;0;1;0;1;0;0;0;0
1.06511;0.05;0.05;0.1;0.00660066;0;0;0;1;0;1;0;0;0;0
1.06811;0.05;0.05;0.1;0.00690069;0;0;0;1;0;1;0;0;0;0
1.07111;0.05;0.05;0.1;0.00720072;0;0;0;1;0;1;0;0;0;0
1.07411;0.05;0.05;0.1;0.00750075;0;0;0;1;0;1;0;0;0;0
1.07711;0.05;0.05;0.1;0.00780078;0;0;0;1;0;1;0;0;0;0
1.08011;0.05;0.05;0.1;0.00810081;0;0;0;1;0;1;0;0;0;0
1.08311;0.05;0.05;0.1;0.00840084;0;0;0;1;0;1;0;0;0;0
1.08611;0.05;0.05;0.1;0.00870087;0;0;0;1;0;1;0;0;0;0
1.08911;0.05;0.05;0.1;0.0090009;0;0;0;1;0;1;0;0;0;0
1.09211;0.05;0.05;0.1;0.00930093;0;0;0;1;0;1;0;0;0;0
1.09511;0.05;0.05;0.1;0.00960096;0;0;0;1;0;1;0;0;0;0
1.09811;0.05;0.05;0.1;0.00990099;0;0;0;1;0;1;0;0;0;0
1.10111;0.05;0.05;0.1;0.010201;0;0;0;1;0;1;0;0;0;0
1.10411;0.05;0.05;0.1;0.0105011;0;0;0;1;0;1;0;0;0;0
1.10711;0.05;0.05;0.1;0.0108011;0;0;0;1;0;1;0;0;0;0
1.11011;0.05;0.05;0.1;0.0111011;0;0;0;1;0;1;0;0;0;0
1.11311;0.05;0.05;0.1;0.0114011;0;0;0;1;0;1;0;0;0;0
1.11611;0.05;0.05;0.1;0.0117012;0;0;0;1;0;1;0;0;0;0
1.11911;0.05;0.05;0.1;0.0120012;0;0;0;1;0;1;0;0;0;0
1.12211;0.05;0.05;0.1;0.0123012;0;0;1;1;1;1;0;0;0;0
1.12511;0.05;0.05;0.1;0.0126013;0;0;1;1;1;1;0;0;0;0
1.12811;0.05;0.05;0.1;0.0129013;0;0;1;1;1;1;0;0;0;0
1.13111;0.05;0.05;0.1;0.0132013;0;0;1;0;1;0;0;0;0;0
1.13411;0.05;0.05;0.1;0.0135014;0;0;1;0;1;0;0;0;0;0
1.13711;0.05;0.05;0.1;0.0138014;0;0;1;0;1;0;0;0;0;0
1.14011;0.05;0.05;0.1;0.0141014;0;0;1;0;1;0;0;0;0;0
1.14311;0.05;0.05;0.1;0.0144014;0;0;1;0;1;0;0;0;0;0
1.14612;0.05;0.05;0.1;0.0147015;0;0;1;0;1;0;0;0;0;0
1.14912;0.05;0.05;0.1;0.0150015;0;0;1;0;1;0;0;0;0;0
1.15212;0.05;0.05;0.1;0.0153015;0;0;1;0;1;0;0;0;0;0
1.15512;0.05;0.05;0.1;0.0156016;0;0;1;0;1;0;0;0;0;0
1.15812;0.05;0.05;0.1;0.0159016;0;0;1;0;1;0;0;0;0;0
1.16112;0.05;0.05;0.1;0.0162016;0;0;1;0;1;0;0;0;0;0
1.16412;0.05;0.05;0.1;0.0165017;0;0;1;0;1;0;0;0;0;0
1.16712;0.05;0.05;0.1;0.0168017;0;0;1;0;1;0;0;0;0;0
1.17012;0.05;0.05;0.1;0.0171017;0;0;1;0;1;0;0;0;0;0
1.17312;0.05;0.05;0.1;0.0174017;0;0;1;0;1;0;0;0;0;0
1.17612;0.05;0.05;0.1;0.0177018;0;0;1;0;1;0;0;0;0;0
1.17912;0.05;0.05;0.1;0.0180018;0;0;1;0;1;0;0;0;0;0
1.18212;0.05;0.05;0.1;0.0183018;0;0;1;0;1;0;0;0;0;0
1.18512;0.05;0.05;0.1;0.0186019;0;0;1;0;1;0;0;0;0;0
1.18812;0.05;0.05;0.1;0.0189019;0;0;1;0;1;0;0;0;0;0
1.19112;0.05;0.05;0.1;0.0192019;0;0;1;0;1;0;0;0;0;0
1.19412;0.05;0.05;0.1;0.019502;0;0;1;0;1;0;0;0;0;0
1.19712;0.05;0.05;0.1;0.019802;0;0;1;0;1;0;0;0;0;0
1.20012;0.05;0.05;0.1;0.020102;0;0;1;0;1;0;0;0;0;0
1.20312;0.05;0.05;0.1;0.020402;0;0;1;0;1;0;0;0;0;0
1.20612;0.05;0.05;0.1;0.0207021;0;0;1;0;1;0;0;0;0;0
1.20912;0.05;0.05;0.1;0.0210021;0;0;1;0;1;0;0;0;0;0
1.21212;0.05;0.05;0.1;0.0213021;0;0;1;0;1;0;0;0;0;0
1.21512;0.05;0.05;0.1;0.0216022;0;0;1;0;1;0;0;0;0;0
1.21812;0.05;0.05;0.1;0.0219022;0;0;1;0;1;0;0;0;0;0
1.22112;0.05;0.05;0.1;0.0222022;0;0;1;0;1;0;0;0;0;0
1.22412;0.05;0.05;0.1;0.0225022;0;0;1;0;1;0;0;0;0;0
1.22712;0.05;0.05;0.1;0.0228023;0;0;1;0;1;0;0;0;0;0
1.23012;0.05;0.05;0.1;0.0231023;0;0;1;0;1;0;0;0;0;0
1.23312;0.05;0.05;0.1;0.0234023;0;0;1;0;1;0;0;0;0;0
1.23612;0.05;0.05;0.1;0.0237024;0;0;1;0;1;0;0;0;0;0
1.23912;0.05;0.05;0.1;0.0240024;0;0;1;0;1;0;0;0;0;0
1.24212;0.05;0.05;0.1;0.0243024;0;0;1;0;1;0;0;0;0;0
1.24512;0.05;0.05;0.1;0.0246024;0;0;1;0;1;0;0;0;0;0
1.24812;0.05;0.05;0.1;0.0249025;0;0;1;0;1;0;0;0;0;0
1.25112;0.05;0.05;0.1;0.0252025;0;0;1;0;1;0;1;1;1;1
1.25412;0.05;0.05;0.1;0.0255025;0;0;1;0;1;0;0;0;0;0
1.25712;0.05;0.05;0.1;0.0258026;0;0;1;0;1;0;0;0;0;0
1.26012;0.05;0.05;0.1;0.0261026;0;0;1;0;1;0;0;0;0;0
1.26313;0.05;0.05;0.1;0.0264026;0;0;1;0;1;0;0;0;0;0
1.26613;0.05;0.05;0.1;0.0267027;0;0;1;0;1;0;0;0;0;0
1.26913;0.05;0.05;0.1;0.0270027;0;0;1;0;1;0;0;0;0;0
1.27213;0.05;0.05;0.1;0.0273027;0;0;1;0;1;0;0;0;0;0
1.27513;0.05;0.05;0.1;0.0276027;0;0;1;0;1;0;0;0;0;0
1.27813;0.05;0.05;0.1;0.0279028;0;0;1;0;1;0;0;0;0;0
1.28113;0.05;0.05;0.1;0.0282028;0;0;1;0;1;0;0;0;0;0
1.28413;0.05;0.05;0.1;0.0285028;0;0;1;0;1;0;0;0;0;0
1.28713;0.05;0.05;0.1;0.0288029;0;0;1;0;1;0;0;0;0;0
1.29013;0.05;0.05;0.1;0.0291029;0;0;1;0;1;0;0;0;0;0
1.29313;0.05;0.05;0.1;0.0294029;0;0;1;0;1;0;0;0;0;0
1.29613;0.05;0.05;0.1;0.0297029;0;0;1;0;1;0;0;0;0;0
1.29913;0.05;0.05;0.1;0.030003;0;0;1;0;1;0;0;0;0;0
1.30213;0.05;0.05;0.1;0.030303;0;0;1;0;1;0;0;0;0;0
1.30513;0.05;0.05;0.1;0.030603;0;0;1;0;1;0;0;0;0;0
1.30813;0.05;0.05;0.1;0.0309031;0;0;1;0;1;0;0;0;0;0
1.31113;0.05;0.05;0.1;0.0312031;0;0;1;0;1;0;0;0;0;0
1.31413;0.05;0.05;0.1;0.0315031;0;0;1;0;1;0;0;0;0;0
1.31713;0.05;0.05;0.1;0.0318032;0;0;1;0;1;0;0;0;0;0
1.32013;0.05;0.05;0.1;0.0321032;0;0;1;0;1;0;0;0;0;0
1.32313;0.05;0.05;0.1;0.0324032;0;0;1;0;1;0;0;0;0;0
1.32613;0.05;0.05;0.1;0.0327032;0;0;1;0;1;0;0;0;0;0
1.32913;0.05;0.05;0.1;0.0330033;0;0;1;0;1;0;0;0;0;0
1.33213;0.05;0.05;0.1;0.0333033;0;0;1;0;1;0;0;0;0;0
1.33513;0.05;0.05;0.1;0.0336033;0;0;1;0;1;0;0;0;0;0
1.33813;0.05;0.05;0.1;0.0339034;0;0;1;0;1;0;0;0;0;0
1.34113;0.05;0.05;0.1;0.0342034;0;0;1;0;1;0;0;0;0;0
1.34413;0.05;0.05;0.1;0.0345034;0;0;1;0;1;0;0;0;0;0
1.34713;0.05;0.05;0.1;0.0348035;0;0;1;0;1;0;0;0;0;0
1.35013;0.05;0.05;0.1;0.0351035;0;0;1;0;1;0;0;0;0;0
1.35313;0.05;0.05;0.1;0.0354035;0;0;1;0;1;0;0;0;0;0
1.35613;0.05;0.05;0.1;0.0357036;0;0;1;0;1;0;0;0;0;0
1.35913;0.05;0.05;0.1;0.0360036;0;0;1;0;1;0;0;0;0;0
1.36213;0.05;0.05;0.1;0.0363036;0;0;1;0;1;0;0;0;0;0
1.36513;0.05;0.05;0.1;0.0366037;0;0;1;0;1;0;0;0;0;0
1.36813;0.05;0.05;0.1;0.0369037;0;0;1;0;1;0;0;0;0;0
1.37113;0.05;0.05;0.1;0.0372037;0;0;1;1;1;1;0;0;0;0
1.37413;0.05;0.05;0.1;0.0375037;0;0;1;1;1;1;0;0;0;0
1.37714;0.05;0.05;0.1;0.0378038;0;0;1;1;1;1;0;0;0;0
1.38014;0.05;0.05;0.1;0.0381038;0;0;0;1;0;1;0;0;0;0
1.38314;0.05;0.05;0.1;0.0384038;0;0;0;1;0;1;0;0;0;0
1.38614;0.05;0.05;0.1;0.0387039;0;0;0;1;0;1;0;0;0;0
1.38914;0.05;0.05;0.1;0.0390039;0;0;0;1;0;1;0;0;0;0
1.39214;0.05;0.05;0.1;0.0393039;0;0;0;1;0;1;0;0;0;0
1.39514;0.05;0.05;0.1;0.039604;0;0;0;1;0;1;0;0;0;0
1.39814;0.05;0.05;0.1;0.039904;0;0;0;1;0;1;0;0;0;0
1.40114;0.05;0.05;0.1;0.040204;0;0;0;1;0;1;0;0;0;0
1.40414;0.05;0.05;0.1;0.0405041;0;0;0;1;0;1;0;0;0;0
1.40714;0.05;0.05;0.1;0.0408041;0;0;0;1;0;1;0;0;0;0
1.41014;0.05;0.05;0.1;0.0411041;0;0;0;1;0;1;0;0;0;0
1.41314;0.05;0.05;0.1;0.0414042;0;0;0;1;0;1;0;0;0;0
1.41614;0.05;0.05;0.1;0.0417042;0;0;0;1;0;1;0;0;0;0
1.41914;0.05;0.05;0.1;0.0420042;0;0;0;1;0;1;0;0;0;0
1.42214;0.05;0.05;0.1;0.0423042;0;0;0;1;0;1;0;0;0;0
1.42514;0.05;0.05;0.1;0.0426043;0;0;0;1;0;1;0;0;0;0
1.42814;0.05;0.05;0.1;0.0429043;0;0;0;1;0;1;0;0;0;0
1.43114;0.05;0.05;0.1;0.0432043;0;0;0;1;0;1;0;0;0;0
1.43414;0.05;0.05;0.1;0.0435044;0;0;0;1;0;1;0;0;0;0
1.43714;0.05;0.05;0.1;0.0438044;0;0;0;1;0;1;0;0;0;0
1.44014;0.05;0.05;0.1;0.0441044;0;0;0;1;0;1;0;0;0;0
1.44314;0.05;0.05;0.1;0.0444045;0;0;0;1;0;1;0;0;0;0
1.44614;0.05;0.05;0.1;0.0447045;0;0;0;1;0;1;0;0;0;0
1.44914;0.05;0.05;0.1;0.0450045;0;0;0;1;0;1;0;0;0;0
1.45214;0.05;0.05;0.1;0.0453046;0;0;0;1;0;1;0;0;0;0
1.45514;0.05;0.05;0.1;0.0456046;0;0;0;1;0;1;0;0;0;0
1.45814;0.05;0.05;0.1;0.0459046;0;0;0;1;0;1;0;0;0;0
1.46114;0.05;0.05;0.1;0.0462046;0;0;0;1;0;1;0;0;0;0
1.46414;0.05;0.05;0.1;0.0465047;0;0;0;1;0;1;0;0;0;0
1.46714;0.05;0.05;0.1;0.0468047;0;0;0;1;0;1;0;0;0;0
1.47014;0.05;0.05;0.1;0.0471047;0;0;0;1;0;1;0;0;0;0
1.47314;0.05;0.05;0.1;0.0474048;0;0;0;1;0;1;0;0;0;0
1.47614;0.05;0.05;0.1;0.0477048;0;0;0;1;0;1;0;0;0;0
1.47914;0.05;0.05;0.1;0.0480048;0;0;0;1;0;1;0;0;0;0
1.48214;0.05;0.05;0.1;0.0483049;0;0;0;1;0;1;0;0;0;0
1.48514;0.05;0.05;0.1;0.0486049;0;0;0;1;0;1;0;0;0;0
1.48814;0.05;0.05;0.1;0.0489049;0;0;0;1;0;1;0;0;0;0
1.49114;0.05;0.05;0.1;0.049205;0;0;0;1;0;1;0;0;0;0
1.49415;0.05;0.05;0.1;0.049505;0;0;0;1;0;1;0;0;0;0
1.49715;0.05;0.05;0.1;0.049805;0;0;0;1;0;1;0;0;0;0
1.50015;0.05;0.05;0.1;0.05;0;0;0;1;0;1;1;1;1;1
1.50315;0.05;0.05;0.1;0.05;0;0;0;1;0;1;0;0;0;0
1.50615;0.05;0.05;0.1;0.05;0;0;0;1;0;1;0;0;0;0
1.50915;0.05;0.05;0.1;0.05;0;0;0;1;0;1;0;0;0;0
1.51215;0.05;0.05;0.1;0.05;0;0;0;1;0;1;0;0;0;0
1.51515;0.05;0.05;0.1;0.05;0;0;0;1;0;1;0;0;0;0
1.51815;0.05;0.05;0.1;0.05;0;0;0;1;0;1;0;0;0;0
1.52115;0.05;0.05;0.1;0.05;0;0;0;1;0;1;0;0;0;0
1.52415;0.05;0.05;0.1;0.05;0;0;0;1;0;1;0;0;0;0
1.52715;0.05;0.05;0.1;0.05;0;0;0;1;0;1;0;0;0;0
1.53015;0.05;0.05;0.1;0.05;0;0;0;1;0;1;0;0;0;0
1.53315;0.05;0.05;0.1;0.05;0;0;0;1;0;1;0;0;0;0
1.53615;0.05;0.05;0.1;0.05;0;0;0;1;0;1;0;0;0;0
1.53915;0.05;0.05;0.1;0.05;0;0;0;1;0;1;0;0;0;0
1.54215;0.05;0.05;0.1;0.05;0;0;0;1;0;1;0;0;0;0
1.54515;0.05;0.05;0.1;0.05;0;0;0;1;0;1;0;0;0;0
1.54815;0.05;0.05;0.1;0.05;0;0;0;1;0;1;0;0;0;0
1.55115;0.05;0.05;0.1;0.05;0;0;0;1;0;1;0;0;0;0
1.55415;0.05;0.05;0.1;0.05;0;0;0;1;0;1;0;0;0;0
1.55715;0.05;0.05;0.1;0.05;0;0;0;1;0;1;0;0;0;0
1.56015;0.05;0.05;0.1;0.05;0;0;0;1;0;1;0;0;0;0
1.56315;0.05;0.05;0.1;0.05;0;0;0;1;0;1;0;0;0;0
1.56615;0.05;0.05;0.1;0.05;0;0;0;1;0;1;0;0;0;0
1.56915;0.05;0.05;0.1;0.05;0;0;0;1;0;1;0;0;0;0
1.57215;0.05;0.05;0.1;0.05;0;0;0;1;0;1;0;0;0;0
1.57515;0.05;0.05;0.1;0.05;0;0;0;1;0;1;0;0;0;0
1.57815;0.05;0.05;0.1;0.05;0;0;0;1;0;1;0;0;0;0
1.58115;0.05;0.05;0.1;0.05;0;0;0;1;0;1;0;0;0;0
1.58415;0.05;0.05;0.1;0.05;0;0;0;1;0;1;0;0;0;0
1.58715;0.05;0.05;0.1;0.05;0;0;0;1;0;1;0;0;0;0
1.59015;0.05;0.05;0.1;0.05;0;0;0;1;0;1;0;0;0;0
1.59315;0.05;0.05;0.1;0.05;0;0;0;1;0;1;0;0;0;0
1.59615;0.05;0.05;0.1;0.05;0;0;0;1;0;1;0;0;0;0
1.59915;0.05;0.05;0.1;0.05;0;0;0;1;0;1;0;0;0;0
1.60215;0.05;0.05;0.1;0.05;0;0;0;1;0;1;0;0;0;0
1.60515;0.05;0.05;0.1;0.05;0;0;0;1;0;1;0;0;0;0
1.60816;0.05;0.05;0.1;0.05;0;0;0;1;0;1;0;0;0;0
1.61116;0.05;0.05;0.1;0.05;0;0;0;1;0;1;0;0;0;0
1.61416;0.05;0.05;0.1;0.05;0;0;0;1;0;1;0;0;0;0
1.61716;0.05;0.05;0.1;0.05;0;0;0;1;0;1;0;0;0;0
1.62016;0.05;0.05;0.1;0.05;0;0;1;1;1;1;0;0;0;0
1.62316;0.05;0.05;0.1;0.05;0;0;1;1;1;1;0;0;0;0
1.62616;0.05;0.05;0.1;0.05;0;0;1;1;1;1;0;0;0;0
1.62916;0.05;0.05;0.1;0.05;0;0;1;1;1;1;0;0;0;0
1.63216;0.05;0.05;0.1;0.05;0;0;1;0;1;0;0;0;0;0
1.63516;0.05;0.05;0.1;0.05;0;0;1;0;1;0;0;0;0;0
1.63816;0.05;0.05;0.1;0.05;0;0;1;0;1;0;0;0;0;0
1.64116;0.05;0.05;0.1;0.05;0;0;1;0;1;0;0;0;0;0
1.64416;0.05;0.05;0.1;0.05;0;0;1;0;1;0;0;0;0;0
1.64716;0.05;0.05;0.1;0.05;0;0;1;0;1;0;0;0;0;0
1.65016;0.05;0.05;0.1;0.05;0;0;1;0;1;0;0;0;0;0
1.65316;0.05;0.05;0.1;0.05;0;0;1;0;1;0;0;0;0;0
1.65616;0.05;0.05;0.1;0.05;0;0;1;0;1;0;0;0;0;0
1.65916;0.05;0.05;0.1;0.05;0;0;1;0;1;0;0;0;0;0
1.66216;0.05;0.05;0.1;0.05;0;0;1;0;1;0;0;0;0;0
1.66516;0.05;0.05;0.1;0.05;0;0;1;0;1;0;0;0;0;0
1.66816;0.05;0.05;0.1;0.05;0;0;1;0;1;0;0;0;0;0
1.67116;0.05;0.05;0.1;0.05;0;0;1;0;1;0;0;0;0;0
1.67416;0.05;0.05;0.1;0.05;0;0;1;0;1;0;0;0;0;0
1.67716;0.05;0.05;0.1;0.05;0;0;1;0;1;0;0;0;0;0
1.68016;0.05;0.05;0.1;0.05;0;0;1;0;1;0;0;0;0;0
1.68316;0.05;0.05;0.1;0.05;0;0;1;0;1;0;0;0;0;0
1.68616;0.05;0.05;0.1;0.05;0;0;1;0;1;0;0;0;0;0
1.68916;0.05;0.05;0.1;0.05;0;0;1;0;1;0;0;0;0;0
1.69216;0.05;0.05;0.1;0.05;0;0;1;0;1;0;0;0;0;0
1.69516;0.05;0.05;0.1;0.05;0;0;1;0;1;0;0;0;0;0
1.69816;0.05;0.05;0.1;0.05;0;0;1;0;1;0;0;0;0;0
1.70116;0.05;0.05;0.1;0.05;0;0;1;0;1;0;0;0;0;0
1.70416;0.05;0.05;0.1;0.05;0;0;1;0;1;0;0;0;0;0
1.70716;0.05;0.05;0.1;0.05;0;0;1;0;1;0;0;0;0;0
1.71016;0.05;0.05;0.1;0.05;0;0;1;0;1;0;0;0;0;0
1.71316;0.05;0.05;0.1;0.05;0;0;1;0;1;0;0;0;0;0
1.71616;0.05;0.05;0.1;0.05;0;0;1;0;1;0;0;0;0;0
1.71916;0.05;0.05;0.1;0.05;0;0;1;0;1;0;0;0;0;0
1.72216;0.05;0.05;0.1;0.05;0;0;1;0;1;0;0;0;0;0
1.72517;0.05;0.05;0.1;0.05;0;0;1;0;1;0;0;0;0;0
1.72817;0.05;0.05;0.1;0.05;0;0;1;0;1;0;0;0;0;0
1.73117;0.05;0.05;0.1;0.05;0;0;1;0;1;0;0;0;0;0
1.73417;0.05;0.05;0.1;0.05;0;0;1;0;1;0;0;0;0;0
1.73717;0.05;0.05;0.1;0.05;0;0;1;0;1;0;0;0;0;0
1.74017;0.05;0.05;0.1;0.05;0;0;1;0;1;0;0;0;0;0
1.74317;0.05;0.05;0.1;0.05;0;0;1;0;1;0;0;0;0;0
1.74617;0.05;0.05;0.1;0.05;0;0;1;0;1;0;0;0;0;0
1.74917;0.05;0.05;0.1;0.05;0;0;1;0;1;0;0;0;0;0
1.75217;0.05;0.05;0.1;0.05;0;0;1;0;1;0;1;1;1;1
1.75517;0.05;0.05;0.1;0.05;0;0;1;0;1;0;0;0;0;0
1.75817;0.05;0.05;0.1;0.05;0;0;1;0;1;0;0;0;0;0
1.76117;0.05;0.05;0.1;0.05;0;0;1;0;1;0;0;0;0;0
1.76417;0.05;0.05;0.1;0.05;0;0;1;0;1;0;0;0;0;0
1.76717;0.05;0.05;0.1;0.05;0;0;1;0;1;0;0;0;0;0
1.77017;0.05;0.05;0.1;0.05;0;0;1;0;1;0;0;0;0;0
1.77317;0.05;0.05;0.1;0.05;0;0;1;0;1;0;0;0;0;0
1.77617;0.05;0.05;0.1;0.05;0;0;1;0;1;0;0;0;0;0
1.77917;0.05;0.05;0.1;0.05;0;0;1;0;1;0;0;0;0;0
1.78217;0.05;0.05;0.1;0.05;0;0;1;0;1;0;0;0;0;0
1.78517;0.05;0.05;0.1;0.05;0;0;1;0;1;0;0;0;0;0
1.78817;0.05;0.05;0.1;0.05;0;0;1;0;1;0;0;0;0;0
1.79117;0.05;0.05;0.1;0.05;0;0;1;0;1;0;0;0;0;0
1.79417;0.05;0.05;0.1;0.05;0;0;1;0;1;0;0;0;0;0
1.79717;0.05;0.05;0.1;0.05;0;0;1;0;1;0;0;0;0;0
1.80017;0.05;0.05;0.1;0.05;0;0;1;0;1;0;0;0;0;0
1.80317;0.05;0.05;0.1;0.05;0;0;1;0;1;0;0;0;0;0
1.80617;0.05;0.05;0.1;0.05;0;0;1;0;1;0;0;0;0;0
1.80917;0.05;0.05;0.1;0.05;0;0;1;0;1;0;0;0;0;0
1.81217;0.05;0.05;0.1;0.05;0;0;1;0;1;0;0;0;0;0
1.81517;0.05;0.05;0.1;0.05;0;0;1;0;1;0;0;0;0;0
1.81817;0.05;0.05;0.1;0.05;0;0;1;0;1;0;0;0;0;0
1.82117;0.05;0.05;0.1;0.05;0;0;1;0;1;0;0;0;0;0
1.82417;0.05;0.05;0.1;0.05;0;0;1;0;1;0;0;0;0;0
1.82717;0.05;0.05;0.1;0.05;0;0;1;0;1;0;0;0;0;0
1.83017;0.05;0.05;0.1;0.05;0;0;1;0;1;0;0;0;0;0
1.83317;0.05;0.05;0.1;0.05;0;0;1;0;1;0;0;0;0;0
1.83617;0.05;0.05;0.1;0.05;0;0;1;0;1;0;0;0;0;0
1.83917;0.05;0.05;0.1;0.05;0;0;1;0;1;0;0;0;0;0
1.84218;0.05;0.05;0.1;0.05;0;0;1;0;1;0;0;0;0;0
1.84518;0.05;0.05;0.1;0.05;0;0;1;0;1;0;0;0;0;0
1.84818;0.05;0.05;0.1;0.05;0;0;1;0;1;0;0;0;0;0
1.85118;0.05;0.05;0.1;0.05;0;0;1;0;1;0;0;0;0;0
1.85418;0.05;0.05;0.1;0.05;0;0;1;0;1;0;0;0;0;0
1.85718;0.05;0.05;0.1;0.05;0;0;1;0;1;0;0;0;0;0
1.86018;0.05;0.05;0.1;0.05;0;0;1;0;1;0;0;0;0;0
1.86318;0.05;0.05;0.1;0.05;0;0;1;0;1;0;0;0;0;0
1.86618;0.05;0.05;0.1;0.05;0;0;1;0;1;0;0;0;0;0
1.86918;0.05;0.05;0.1;0.05;0;0;1;0;1;0;0;0;0;0
1.87218;0.05;0.05;0.1;0.05;0;0;1;1;1;1;0;0;0;0
1.87518;0.05;0.05;0.1;0.05;0;0;1;1;1;1;0;0;0;0
1.87818;0.05;0.05;0.1;0.05;0;0;1;1;1;1;0;0;0;0
1.88118;0.05;0.05;0.1;0.05;0;0;0;1;0;1;0;0;0;0
1.88418;0.05;0.05;0.1;0.05;0;0;0;1;0;1;0;0;0;0
1.88718;0.05;0.05;0.1;0.05;0;0;0;1;0;1;0;0;0;0
1.89018;0.05;0.05;0.1;0.05;0;0;0;1;0;1;0;0;0;0
1.89318;0.05;0.05;0.1;0.05;0;0;0;1;0;1;0;0;0;0
1.89618;0.05;0.05;0.1;0.05;0;0;0;1;0;1;0;0;0;0
1.89918;0.05;0.05;0.1;0.05;0;0;0;1;0;1;0;0;0;0
1.90218;0.05;0.05;0.1;0.05;0;0;0;1;0;1;0;0;0;0
1.90518;0.05;0.05;0.1;0.05;0;0;0;1;0;1;0;0;0;0
1.90818;0.05;0.05;0.1;0.05;0;0;0;1;0;1;0;0;0;0
1.91118;0.05;0.05;0.1;0.05;0;0;0;1;0;1;0;0;0;0
1.91418;0.05;0.05;0.1;0.05;0;0;0;1;0;1;0;0;0;0
1.91718;0.05;0.05;0.1;0.05;0;0;0;1;0;1;0;0;0;0
1.92018;0.05;0.05;0.1;0.05;0;0;0;1;0;1;0;0;0;0
1.92318;0.05;0.05;0.1;0.05;0;0;0;1;0;1;0;0;0;0
1.92618;0.05;0.05;0.1;0.05;0;0;0;1;0;1;0;0;0;0
1.92918;0.05;0.05;0.1;0.05;0;0;0;1;0;1;0;0;0;0
1.93218;0.05;0.05;0.1;0.05;0;0;0;1;0;1;0;0;0;0
1.93518;0.05;0.05;0.1;0.05;0;0;0;1;0;1;0;0;0;0
1.93818;0.05;0.05;0.1;0.05;0;0;0;1;0;1;0;0;0;0
1.94118;0.05;0.05;0.1;0.05;0;0;0;1;0;1;0;0;0;0
1.94418;0.05;0.05;0.1;0.05;0;0;0;1;0;1;0;0;0;0
1.94718;0.05;0.05;0.1;0.05;0;0;0;1;0;1;0;0;0;0
1.95018;0.05;0.05;0.1;0.05;0;0;0;1;0;1;0;0;0;0
1.95318;0.05;0.05;0.1;0.05;0;0;0;1;0;1;0;0;0;0
1.95619;0.05;0.05;0.1;0.05;0;0;0;1;0;1;0;0;0;0
1.95919;0.05;0.05;0.1;0.05;0;0;0;1;0;1;0;0;0;0
1.96219;0.05;0.05;0.1;0.05;0;0;0;1;0;1;0;0;0;0
1.96519;0.05;0.05;0.1;0.05;0;0;0;1;0;1;0;0;0;0
1.96819;0.05;0.05;0.1;0.05;0;0;0;1;0;1;0;0;0;0
1.97119;0.05;0.05;0.1;0.05;0;0;0;1;0;1;0;0;0;0
1.97419;0.05;0.05;0.1;0.05;0;0;0;1;0;1;0;0;0;0
1.97719;0.05;0.05;0.1;0.05;0;0;0;1;0;1;0;0;0;0
1.98019;0.05;0.05;0.1;0.05;0;0;0;1;0;1;0;0;0;0
1.98319;0.05;0.05;0.1;0.05;0;0;0;1;0;1;0;0;0;0
1.98619;0.05;0.05;0.1;0.05;0;0;0;1;0;1;0;0;0;0
1.98919;0.05;0.05;0.1;0.05;0;0;0;1;0;1;0;0;0;0
1.99219;0.05;0.05;0.1;0.05;0;0;0;1;0;1;0;0;0;0
1.99519;0.05;0.05;0.1;0.05;0;0;0;1;0;1;0;0;0;0
1.99819;0.05;0.05;0.1;0.05;0;0;0;1;0;1;0;0;0;0
2.00119;0.05;0.05;0.1;0.05;0;0;0;1;0;1;1;1;1;1
2.00419;0.05;0.05;0.1;0.05;0;0;0;1;0;1;0;0;0;0
2.00719;0.05;0.05;0.1;0.05;0;0;0;1;0;1;0;0;0;0
2.01019;0.05;0.05;0.1;0.05;0;0;0;1;0;1;0;0;0;0
2.01319;0.05;0.05;0.1;0.05;0;0;0;1;0;1;0;0;0;0
2.01619;0.05;0.05;0.1;0.05;0;0;0;1;0;1;0;0;0;0
2.01919;0.05;0.05;0.1;0.05;0;0;0;1;0;1;0;0;0;0
2.02219;0.05;0.05;0.1;0.05;0;0;0;1;0;1;0;0;0;0
2.02519;0.05;0.05;0.1;0.05;0;0;0;1;0;1;0;0;0;0
2.02819;0.05;0.05;0.1;0.05;0;0;0;1;0;1;0;0;0;0
2.03119;0.05;0.05;0.1;0.05;0;0;0;1;0;1;0;0;0;0
2.03419;0.05;0.05;0.1;0.05;0;0;0;1;0;1;0;0;0;0
2.03719;0.05;0.05;0.1;0.05;0;0;0;1;0;1;0;0;0;0
2.04019;0.05;0.05;0.1;0.05;0;0;0;1;0;1;0;0;0;0
2.04319;0.05;0.05;0.1;0.05;0;0;0;1;0;1;0;0;0;0
2.04619;0.05;0.05;0.1;0.05;0;0;0;1;0;1;0;0;0;0
2.04919;0.05;0.05;0.1;0.05;0;0;0;1;0;1;0;0;0;0
2.05219;0.05;0.05;0.1;0.05;0;0;0;1;0;1;0;0;0;0
2.05519;0.05;0.05;0.1;0.05;0;0;0;1;0;1;0;0;0;0
2.05819;0.05;0.05;0.1;0.05;0;0;0;1;0;1;0;0;0;0
2.06119;0.05;0.05;0.1;0.05;0;0;0;1;0;1;0;0;0;0
2.06419;0.05;0.05;0.1;0.05;0;0;0;1;0;1;0;0;0;0
2.06719;0.05;0.05;0.1;0.05;0;0;0;1;0;1;0;0;0;0
2.07019;0.05;0.05;0.1;0.05;0;0;0;1;0;1;0;0;0;0
2.0732;0.05;0.05;0.1;0.05;0;0;0;1;0;1;0;0;0;0
2.0762;0.05;0.05;0.1;0.05;0;0;0;1;0;1;0;0;0;0
2.0792;0.05;0.05;0.1;0.05;0;0;0;1;0;1;0;0;0;0
2.0822;0.05;0.05;0.1;0.05;0;0;0;1;0;1;0;0;0;0
2.0852;0.05;0.05;0.1;0.05;0;0;0;1;0;1;0;0;0;0
2.0882;0.05;0.05;0.1;0.05;0;0;0;1;0;1;0;0;0;0
2.0912;0.05;0.05;0.1;0.05;0;0;0;1;0;1;0;0;0;0
2.0942;0.05;0.05;0.1;0.05;0;0;0;1;0;1;0;0;0;0
2.0972;0.05;0.05;0.1;0.05;0;0;0;1;0;1;0;0;0;0
2.1002;0.05;0.05;0.1;0.05;0;0;0;1;0;1;0;0;0;0
2.1032;0.05;0.05;0.1;0.05;0;0;0;1;0;1;0;0;0;0
2.1062;0.05;0.05;0.1;0.05;0;0;0;1;0;1;0;0;0;0
2.1092;0.05;0.05;0.1;0.05;0;0;0;1;0;1;0;0;0;0
2.1122;0.05;0.05;0.1;0.05;0;0;0;1;0;1;0;0;0;0
2.1152;0.05;0.05;0.1;0.05;0;0;0;1;0;1;0;0;0;0
2.1182;0.05;0.05;0.1;0.05;0;0;0;1;0;1;0;0;0;0
2.1212;0.05;0.05;0.1;0.05;0;0;1;1;1;1;0;0;0;0
2.1242;0.05;0.05;0.1;0.05;0;0;1;1;1;1;0;0;0;0
2.1272;0.05;0.05;0.1;0.05;0;0;1;1;1;1;0;0;0;0
2.1302;0.05;0.05;0.1;0.05;0;0;1;0;1;0;0;0;0;0
2.1332;0.05;0.05;0.1;0.05;0;0;1;0;1;0;0;0;0;0
2.1362;0.05;0.05;0.1;0.05;0;0;1;0;1;0;0;0;0;0
2.1392;0.05;0.05;0.1;0.05;0;0;1;0;1;0;0;0;0;0
2.1422;0.05;0.05;0.1;0.05;0;0;1;0;1;0;0;0;0;0
2.1452;0.05;0.05;0.1;0.05;0;0;1;0;1;0;0;0;0;0
2.1482;0.05;0.05;0.1;0.05;0;0;1;0;1;0;0;0;0;0
2.1512;0.05;0.05;0.1;0.05;0;0;1;0;1;0;0;0;0;0
2.1542;0.05;0.05;0.1;0.05;0;0;1;0;1;0;0;0;0;0
2.1572;0.05;0.05;0.1;0.05;0;0;1;0;1;0;0;0;0;0
2.1602;0.05;0.05;0.1;0.05;0;0;1;0;1;0;0;0;0;0
2.1632;0.05;0.05;0.1;0.05;0;0;1;0;1;0;0;0;0;0
2.1662;0.05;0.05;0.1;0.05;0;0;1;0;1;0;0;0;0;0
2.1692;0.05;0.05;0.1;0.05;0;0;1;0;1;0;0;0;0;0
2.1722;0.05;0.05;0.1;0.05;0;0;1;0;1;0;0;0;0;0
2.1752;0.05;0.05;0.1;0.05;0;0;1;0;1;0;0;0;0;0
2.1782;0.05;0.05;0.1;0.05;0;0;1;0;1;0;0;0;0;0
2.1812;0.05;0.05;0.1;0.05;0;0;1;0;1;0;0;0;0;0
2.1842;0.05;0.05;0.1;0.05;0;0;1;0;1;0;0;0;0;0
2.18721;0.05;0.05;0.1;0.05;0;0;1;0;1;0;0;0;0;0
2.19021;0.05;0.05;0.1;0.05;0;0;1;0;1;0;0;0;0;0
2.19321;0.05;0.05;0.1;0.05;0;0;1;0;1;0;0;0;0;0
2.19621;0.05;0.05;0.1;0.05;0;0;1;0;1;0;0;0;0;0
2.19921;0.05;0.05;0.1;0.05;0;0;1;0;1;0;0;0;0;0
2.20221;0.05;0.05;0.1;0.05;0;0;1;0;1;0;0;0;0;0
2.20521;0.05;0.05;0.1;0.05;0;0;1;0;1;0;0;0;0;0
2.20821;0.05;0.05;0.1;0.05;0;0;1;0;1;0;0;0;0;0
2.21121;0.05;0.05;0.1;0.05;0;0;1;0;1;0;0;0;0;0
2.21421;0.05;0.05;0.1;0.05;0;0;1;0;1;0;0;0;0;0
2.21721;0.05;0.05;0.1;0.05;0;0;1;0;1;0;0;0;0;0
2.22021;0.05;0.05;0.1;0.05;0;0;1;0;1;0;0;0;0;0
2.22321;0.05;0.05;0.1;0.05;0;0;1;0;1;0;0;0;0;0
2.22621;0.05;0.05;0.1;0.05;0;0;1;0;1;0;0;0;0;0
2.22921;0.05;0.05;0.1;0.05;0;0;1;0;1;0;0;0;0;0
2.23221;0.05;0.05;0.1;0.05;0;0;1;0;1;0;0;0;0;0
2.23521;0.05;0.05;0.1;0.05;0;0;1;0;1;0;0;0;0;0
2.23821;0.05;0.05;0.1;0.05;0;0;1;0;1;0;0;0;0;0
2.24121;0.05;0.05;0.1;0.05;0;0;1;0;1;0;0;0;0;0
2.24421;0.05;0.05;0.1;0.05;0;0;1;0;1;0;0;0;0;0
2.24721;0.05;0.05;0.1;0.05;0;0;1;0;1;0;0;0;0;0
2.25021;0.05;0.05;0.1;0.05;0;0;1;0;1;0;1;1;1;1
2.25321;0.05;0.05;0.1;0.05;0;0;1;0;1;0;0;0;0;0
2.25621;0.05;0.05;0.1;0.05;0;0;1;0;1;0;0;0;0;0
2.25921;0.05;0.05;0.1;0.05;0;0;1;0;1;0;0;0;0;0
2.26221;0.05;0.05;0.1;0.05;0;0;1;0;1;0;0;0;0;0
2.26521;0.05;0.05;0.1;0.05;0;0;1;0;1;0;0;0;0;0
2.26821;0.05;0.05;0.1;0.05;0;0;1;0;1;0;0;0;0;0
2.27121;0.05;0.05;0.1;0.05;0;0;1;0;1;0;0;0;0;0
2.27421;0.05;0.05;0.1;0.05;0;0;1;0;1;0;0;0;0;0
2.27721;0.05;0.05;0.1;0.05;0;0;1;0;1;0;0;0;0;0
2.28021;0.05;0.05;0.1;0.05;0;0;1;0;1;0;0;0;0;0
2.28321;0.05;0.05;0.1;0.05;0;0;1;0;1;0;0;0;0;0
2.28621;0.05;0.05;0.1;0.05;0;0;1;0;1;0;0;0;0;0
2.28921;0.05;0.05;0.1;0.05;0;0;1;0;1;0;0;0;0;0
2.29221;0.05;0.05;0.1;0.05;0;0;1;0;1;0;0;0;0;0
2.29521;0.05;0.05;0.1;0.05;0;0;1;0;1;0;0;0;0;0
2.29821;0.05;0.05;0.1;0.05;0;0;1;0;1;0;0;0;0;0
2.30121;0.05;0.05;0.1;0.05;0;0;1;0;1;0;0;0;0;0
2.30422;0.05;0.05;0.1;0.05;0;0;1;0;1;0;0;0;0;0
2.30722;0.05;0.05;0.1;0.05;0;0;1;0;1;0;0;0;0;0
2.31022;0.05;0.05;0.1;0.05;0;0;1;0;1;0;0;0;0;0
2.31322;0.05;0.05;0.1;0.05;0;0;1;0;1;0;0;0;0;0
2.31622;0.05;0.05;0.1;0.05;0;0;1;0;1;0;0;0;0;0
2.31922;0.05;0.05;0.1;0.05;0;0;1;0;1;0;0;0;0;0
2.32222;0.05;0.05;0.1;0.05;0;0;1;0;1;0;0;0;0;0
2.32522;0.05;0.05;0.1;0.05;0;0;1;0;1;0;0;0;0;0
2.32822;0.05;0.05;0.1;0.05;0;0;1;0;1;0;0;0;0;0
2.33122;0.05;0.05;0.1;0.05;0;0;1;0;1;0;0;0;0;0
2.33422;0.05;0.05;0.1;0.05;0;0;1;0;1;0;0;0;0;0
2.33722;0.05;0.05;0.1;0.05;0;0;1;0;1;0;0;0;0;0
2.34022;0.05;0.05;0.1;0.05;0;0;1;0;1;0;0;0;0;0
2.34322;0.05;0.05;0.1;0.05;0;0;1;0;1;0;0;0;0;0
2.34622;0.05;0.05;0.1;0.05;0;0;1;0;1;0;0;0;0;0
2.34922;0.05;0.05;0.1;0.05;0;0;1;0;1;0;0;0;0;0
2.35222;0.05;0.05;0.1;0.05;0;0;1;0;1;0;0;0;0;0
2.35522;0.05;0.05;0.1;0.05;0;0;1;0;1;0;0;0;0;0
2.35822;0.05;0.05;0.1;0.05;0;0;1;0;1;0;0;0;0;0
2.36122;0.05;0.05;0.1;0.05;0;0;1;0;1;0;0;0;0;0
2.36422;0.05;0.05;0.1;0.05;0;0;1;0;1;0;0;0;0;0
2.36722;0.05;0.05;0.1;0.05;0;0;1;0;1;0;0;0;0;0
2.37022;0.05;0.05;0.1;0.05;0;0;1;1;1;1;0;0;0;0
2.37322;0.05;0.05;0.1;0.05;0;0;1;1;1;1;0;0;0;0
2.37622;0.05;0.05;0.1;0.05;0;0;1;1;1;1;0;0;0;0
2.37922;0.05;0.05;0.1;0.05;0;0;1;1;1;1;0;0;0;0
2.38222;0.05;0.05;0.1;0.05;0;0;0;1;0;1;0;0;0;0
2.38522;0.05;0.05;0.1;0.05;0;0;0;1;0;1;0;0;0;0
2.38822;0.05;0.05;0.1;0.05;0;0;0;1;0;1;0;0;0;0
2.39122;0.05;0.05;0.1;0.05;0;0;0;1;0;1;0;0;0;0
2.39422;0.05;0.05;0.1;0.05;0;0;0;1;0;1;0;0;0;0
2.39722;0.05;0.05;0.1;0.05;0;0;0;1;0;1;0;0;0;0
2.40022;0.05;0.05;0.1;0.05;0;0;0;1;0;1;0;0;0;0
2.40322;0.05;0.05;0.1;0.05;0;0;0;1;0;1;0;0;0;0
2.40622;0.05;0.05;0.1;0.05;0;0;0;1;0;1;0;0;0;0
2.40922;0.05;0.05;0.1;0.05;0;0;0;1;0;1;0;0;0;0
2.41222;0.05;0.05;0.1;0.05;0;0;0;1;0;1;0;0;0;0
2.41522;0.05;0.05;0.1;0.05;0;0;0;1;0;1;0;0;0;0
2.41823;0.05;0.05;0.1;0.05;0;0;0;1;0;1;0;0;0;0
2.42123;0.05;0.05;0.1;0.05;0;0;0;1;0;1;0;0;0;0
2.42423;0.05;0.05;0.1;0.05;0;0;0;1;0;1;0;0;0;0
2.42723;0.05;0.05;0.1;0.05;0;0;0;1;0;1;0;0;0;0
2.43023;0.05;0.05;0.1;0.05;0;0;0;1;0;1;0;0;0;0
2.43323;0.05;0.05;0.1;0.05;0;0;0;1;0;1;0;0;0;0
2.43623;0.05;0.05;0.1;0.05;0;0;0;1;0;1;0;0;0;0
2.43923;0.05;0.05;0.1;0.05;0;0;0;1;0;1;0;0;0;0
2.44223;0.05;0.05;0.1;0.05;0;0;0;1;0;1;0;0;0;0
2.44523;0.05;0.05;0.1;0.05;0;0;0;1;0;1;0;0;0;0
2.44823;0.05;0.05;0.1;0.05;0;0;0;1;0;1;0;0;0;0
2.45123;0.05;0.05;0.1;0.05;0;0;0;1;0;1;0;0;0;0
2.45423;0.05;0.05;0.1;0.05;0;0;0;1;0;1;0;0;0;0
2.45723;0.05;0.05;0.1;0.05;0;0;0;1;0;1;0;0;0;0
2.46023;0.05;0.05;0.1;0.05;0;0;0;1;0;1;0;0;0;0
2.46323;0.05;0.05;0.1;0.05;0;0;0;1;0;1;0;0;0;0
2.46623;0.05;0.05;0.1;0.05;0;0;0;1;0;1;0;0;0;0
2.46923;0.05;0.05;0.1;0.05;0;0;0;1;0;1;0;0;0;0
2.47223;0.05;0.05;0.1;0.05;0;0;0;1;0;1;0;0;0;0
2.47523;0.05;0.05;0.1;0.05;0;0;0;1;0;1;0;0;0;0
2.47823;0.05;0.05;0.1;0.05;0;0;0;1;0;1;0;0;0;0
2.48123;0.05;0.05;0.1;0.05;0;0;0;1;0;1;0;0;0;0
2.48423;0.05;0.05;0.1;0.05;0;0;0;1;0;1;0;0;0;0
2.48723;0.05;0.05;0.1;0.05;0;0;0;1;0;1;0;0;0;0
2.49023;0.05;0.05;0.1;0.05;0;0;0;1;0;1;0;0;0;0
2.49323;0.05;0.05;0.1;0.05;0;0;0;1;0;1;0;0;0;0
2.49623;0.05;0.05;0.1;0.05;0;0;0;1;0;1;0;0;0;0
2.49923;0.05;0.05;0.1;0.05;0;0;0;1;0;1;0;0;0;0
2.50223;0.2;0.0503;0.1;0.05;0;0;0;1;0;1;1;1;1;1
2.50523;0.2;0.0506001;0.1;0.05;0;0;0;1;0;1;0;0;0;0
2.50823;0.2;0.0509001;0.1;0.05;0;0;0;1;0;1;0;0;0;0
2.51123;0.2;0.0512001;0.1;0.05;0;0;0;1;0;1;0;0;0;0
2.51423;0.2;0.0515002;0.1;0.05;0;0;0;1;0;1;0;0;0;0
2.51723;0.2;0.0518002;0.1;0.05;0;0;0;1;0;1;0;0;0;0
2.52023;0.2;0.0521002;0.1;0.05;0;0;0;1;0;1;0;0;0;0
2.52323;0.2;0.0524002;0.1;0.05;0;0;0;1;0;1;0;0;0;0
2.52623;0.2;0.0527003;0.1;0.05;0;0;0;1;0;1;0;0;0;0
2.52923;0.2;0.0530003;0.1;0.05;0;0;0;1;0;1;0;0;0;0
2.53223;0.2;0.0533003;0.1;0.05;0;0;0;1;0;1;0;0;0;0
2.53524;0.2;0.0536004;0.1;0.05;0;0;0;1;0;1;0;0;0;0
2.53824;0.2;0.0539004;0.1;0.05;0;0;0;1;0;1;0;0;0;0
2.54124;0.2;0.0542004;0.1;0.05;0;0;0;1;0;1;0;0;0;0
2.54424;0.2;0.0545005;0.1;0.05;0;0;0;1;0;1;0;0;0;0
2.54724;0.2;0.0548005;0.1;0.05;0;0;0;1;0;1;0;0;0;0
2.55024;0.2;0.0551005;0.1;0.05;0;0;0;1;0;1;0;0;0;0
2.55324;0.2;0.0554006;0.1;0.05;0;0;0;1;0;1;0;0;0;0
2.55624;0.2;0.0557006;0.1;0.05;0;0;0;1;0;1;0;0;0;0
2.55924;0.2;0.0560006;0.1;0.05;0;0;0;1;0;1;0;0;0;0
2.56224;0.2;0.0563007;0.1;0.05;0;0;0;1;0;1;0;0;0;0
2.56524;0.2;0.0566007;0.1;0.05;0;0;0;1;0;1;0;0;0;0
2.56824;0.2;0.0569007;0.1;0.05;0;0;0;1;0;1;0;0;0;0
2.57124;0.2;0.0572007;0.1;0.05;0;0;0;1;0;1;0;0;0;0
2.57424;0.2;0.0575008;0.1;0.05;0;0;0;1;0;1;0;0;0;0
2.57724;0.2;0.0578008;0.1;0.05;0;0;0;1;0;1;0;0;0;0
2.58024;0.2;0.0581008;0.1;0.05;0;0;0;1;0;1;0;0;0;0
2.58324;0.2;0.0584009;0.1;0.05;0;0;0;1;0;1;0;0;0;0
2.58624;0.2;0.0587009;0.1;0.05;0;0;0;1;0;1;0;0;0;0
2.58924;0.2;0.0590009;0.1;0.05;0;0;0;1;0;1;0;0;0;0
2.59224;0.2;0.059301;0.1;0.05;0;0;0;1;0;1;0;0;0;0
2.59524;0.2;0.059601;0.1;0.05;0;0;0;1;0;1;0;0;0;0
2.59824;0.2;0.059901;0.1;0.05;0;0;0;1;0;1;0;0;0;0
2.60124;0.2;0.0602011;0.1;0.05;0;0;0;1;0;1;0;0;0;0
2.60424;0.2;0.0605011;0.1;0.05;0;0;0;1;0;1;0;0;0;0
2.60724;0.2;0.0608011;0.1;0.05;0;0;0;1;0;1;0;0;0;0
2.61024;0.2;0.0611012;0.1;0.05;0;0;0;1;0;1;0;0;0;0
2.61324;0.2;0.0614012;0.1;0.05;0;0;0;1;0;1;0;0;0;0
2.61624;0.2;0.0617012;0.1;0.05;0;0;0;1;0;1;0;0;0;0
2.61924;0.2;0.0620012;0.1;0.05;0;0;0;1;0;1;0;0;0;0
2.62224;0.2;0.0623013;0.1;0.05;0;0;1;1;1;1;0;0;0;0
2.62524;0.2;0.0626013;0.1;0.05;0;0;1;1;1;1;0;0;0;0
2.62824;0.2;0.0629013;0.1;0.05;0;0;1;1;1;1;0;0;0;0
2.63124;0.2;0.0632014;0.1;0.05;0;0;1;0;1;0;0;0;0;0
2.63424;0.2;0.0635014;0.1;0.05;0;0;1;0;1;0;0;0;0;0
2.63724;0.2;0.0638014;0.1;0.05;0;0;1;0;1;0;0;0;0;0
2.64024;0.2;0.0641014;0.1;0.05;0;0;1;0;1;0;0;0;0;0
2.64324;0.2;0.0644015;0.1;0.05;0;0;1;0;1;0;0;0;0;0
2.64624;0.2;0.0647015;0.1;0.05;0;0;1;0;1;0;0;0;0;0
2.64925;0.2;0.0650015;0.1;0.05;0;0;1;0;1;0;0;0;0;0
2.65225;0.2;0.0653016;0.1;0.05;0;0;1;0;1;0;0;0;0;0
2.65525;0.2;0.0656016;0.1;0.05;0;0;1;0;1;0;0;0;0;0
2.65825;0.2;0.0659016;0.1;0.05;0;0;1;0;1;0;0;0;0;0
2.66125;0.2;0.0662016;0.1;0.05;0;0;1;0;1;0;0;0;0;0
2.66425;0.2;0.0665017;0.1;0.05;0;0;1;0;1;0;0;0;0;0
2.66725;0.2;0.0668017;0.1;0.05;0;0;1;0;1;0;0;0;0;0
2.67025;0.2;0.0671017;0.1;0.05;0;0;1;0;1;0;0;0;0;0
2.67325;0.2;0.0674017;0.1;0.05;0;0;1;0;1;0;0;0;0;0
2.67625;0.2;0.0677018;0.1;0.05;0;0;1;0;1;0;0;0;0;0
2.67925;0.2;0.0680018;0.1;0.05;0;0;1;0;1;0;0;0;0;0
2.68225;0.2;0.0683018;0.1;0.05;0;0;1;0;1;0;0;0;0;0
2.68525;0.2;0.0686019;0.1;0.05;0;0;1;0;1;0;0;0;0;0
2.68825;0.2;0.0689019;0.1;0.05;0;0;1;0;1;0;0;0;0;0
2.69125;0.2;0.0692019;0.1;0.05;0;0;1;0;1;0;0;0;0;0
2.69425;0.2;0.0695019;0.1;0.05;0;0;1;0;1;0;0;0;0;0
2.69725;0.2;0.069802;0.1;0.05;0;0;1;0;1;0;0;0;0;0
2.70025;0.2;0.070102;0.1;0.05;0;0;1;0;1;0;0;0;0;0
2.70325;0.2;0.070402;0.1;0.05;0;0;1;0;1;0;0;0;0;0
2.70625;0.2;0.070702;0.1;0.05;0;0;1;0;1;0;0;0;0;0
2.70925;0.2;0.0710021;0.1;0.05;0;0;1;0;1;0;0;0;0;0
2.71225;0.2;0.0713021;0.1;0.05;0;0;1;0;1;0;0;0;0;0
2.71525;0.2;0.0716021;0.1;0.05;0;0;1;0;1;0;0;0;0;0
2.71825;0.2;0.0719022;0.1;0.05;0;0;1;0;1;0;0;0;0;0
2.72125;0.2;0.0722022;0.1;0.05;0;0;1;0;1;0;0;0;0;0
2.72425;0.2;0.0725022;0.1;0.05;0;0;1;0;1;0;0;0;0;0
2.72725;0.2;0.0728022;0.1;0.05;0;0;1;0;1;0;0;0;0;0
2.73025;0.2;0.0731023;0.1;0.05;0;0;1;0;1;0;0;0;0;0
2.73325;0.2;0.0734023;0.1;0.05;0;0;1;0;1;0;0;0;0;0
2.73625;0.2;0.0737023;0.1;0.05;0;0;1;0;1;0;0;0;0;0
2.73925;0.2;0.0740023;0.1;0.05;0;0;1;0;1;0;0;0;0;0
2.74225;0.2;0.0743024;0.1;0.05;0;0;1;0;1;0;0;0;0;0
2.74525;0.2;0.0746024;0.1;0.05;0;0;1;0;1;0;0;0;0;0
2.74825;0.2;0.0749024;0.1;0.05;0;0;1;0;1;0;0;0;0;0
2.75125;0.2;0.0752025;0.1;0.05;0;0;1;0;1;0;1;1;1;1
2.75425;0.2;0.0755025;0.1;0.05;0;0;1;0;1;0;0;0;0;0
2.75725;0.2;0.0758025;0.1;0.05;0;0;1;0;1;0;0;0;0;0
2.76025;0.2;0.0761025;0.1;0.05;0;0;1;0;1;0;0;0;0;0
2.76325;0.2;0.0764026;0.1;0.05;0;0;1;0;1;0;0;0;0;0
2.76626;0.2;0.0767026;0.1;0.05;0;0;1;0;1;0;0;0;0;0
2.76926;0.2;0.0770026;0.1;0.05;0;0;1;0;1;0;0;0;0;0
2.77226;0.2;0.0773026;0.1;0.05;0;0;1;0;1;0;0;0;0;0
2.77526;0.2;0.0776027;0.1;0.05;0;0;1;0;1;0;0;0;0;0
2.77826;0.2;0.0779027;0.1;0.05;0;0;1;0;1;0;0;0;0;0
2.78126;0.2;0.0782027;0.1;0.05;0;0;1;0;1;0;0;0;0;0
2.78426;0.2;0.0785028;0.1;0.05;0;0;1;0;1;0;0;0;0;0
2.78726;0.2;0.0788028;0.1;0.05;0;0;1;0;1;0;0;0;0;0
2.79026;0.2;0.0791028;0.1;0.05;0;0;1;0;1;0;0;0;0;0
2.79326;0.2;0.0794028;0.1;0.05;0;0;1;0;1;0;0;0;0;0
2.79626;0.2;0.0797029;0.1;0.05;0;0;1;0;1;0;0;0;0;0
2.79926;0.2;0.0800029;0.1;0.05;0;0;1;0;1;0;0;0;0;0
2.80226;0.2;0.0803029;0.1;0.05;0;0;1;0;1;0;0;0;0;0
2.80526;0.2;0.080603;0.1;0.05;0;0;1;0;1;0;0;0;0;0
2.80826;0.2;0.080903;0.1;0.05;0;0;1;0;1;0;0;0;0;0
2.81126;0.2;0.081203;0.1;0.05;0;0;1;0;1;0;0;0;0;0
2.81426;0.2;0.081503;0.1;0.05;0;0;1;0;1;0;0;0;0;0
2.81726;0.2;0.0818031;0.1;0.05;0;0;1;0;1;0;0;0;0;0
2.82026;0.2;0.0821031;0.1;0.05;0;0;1;0;1;0;0;0;0;0
2.82326;0.2;0.0824031;0.1;0.05;0;0;1;0;1;0;0;0;0;0
2.82626;0.2;0.0827031;0.1;0.05;0;0;1;0;1;0;0;0;0;0
2.82926;0.2;0.0830032;0.1;0.05;0;0;1;0;1;0;0;0;0;0
2.83226;0.2;0.0833032;0.1;0.05;0;0;1;0;1;0;0;0;0;0
2.83526;0.2;0.0836032;0.1;0.05;0;0;1;0;1;0;0;0;0;0
2.83826;0.2;0.0839033;0.1;0.05;0;0;1;0;1;0;0;0;0;0
2.84126;0.2;0.0842033;0.1;0.05;0;0;1;0;1;0;0;0;0;0
2.84426;0.2;0.0845033;0.1;0.05;0;0;1;0;1;0;0;0;0;0
2.84726;0.2;0.0848033;0.1;0.05;0;0;1;0;1;0;0;0;0;0
2.85026;0.2;0.0851034;0.1;0.05;0;0;1;0;1;0;0;0;0;0
2.85326;0.2;0.0854034;0.1;0.05;0;0;1;0;1;0;0;0;0;0
2.85626;0.2;0.0857034;0.1;0.05;0;0;1;0;1;0;0;0;0;0
2.85926;0.2;0.0860034;0.1;0.05;0;0;1;0;1;0;0;0;0;0
2.86226;0.2;0.0863035;0.1;0.05;0;0;1;0;1;0;0;0;0;0
2.86526;0.2;0.0866035;0.1;0.05;0;0;1;0;1;0;0;0;0;0
2.86826;0.2;0.0869035;0.1;0.05;0;0;1;0;1;0;0;0;0;0
2.87126;0.2;0.0872036;0.1;0.05;0;0;1;1;1;1;0;0;0;0
2.87426;0.2;0.0875036;0.1;0.05;0;0;1;1;1;1;0;0;0;0
2.87726;0.2;0.0878036;0.1;0.05;0;0;1;1;1;1;0;0;0;0
2.88026;0.2;0.0881036;0.1;0.05;0;0;0;1;0;1;0;0;0;0
2.88327;0.2;0.0884037;0.1;0.05;0;0;0;1;0;1;0;0;0;0
2.88627;0.2;0.0887037;0.1;0.05;0;0;0;1;0;1;0;0;0;0
2.88927;0.2;0.0890037;0.1;0.05;0;0;0;1;0;1;0;0;0;0
2.89227;0.2;0.0893037;0.1;0.05;0;0;0;1;0;1;0;0;0;0
2.89527;0.2;0.0896038;0.1;0.05;0;0;0;1;0;1;0;0;0;0
2.89827;0.2;0.0899038;0.1;0.05;0;0;0;1;0;1;0;0;0;0
2.90127;0.2;0.0902038;0.1;0.05;0;0;0;1;0;1;0;0;0;0
2.90427;0.2;0.0905039;0.1;0.05;0;0;0;1;0;1;0;0;0;0
2.90727;0.2;0.0908039;0.1;0.05;0;0;0;1;0;1;0;0;0;0
2.91027;0.2;0.0911039;0.1;0.05;0;0;0;1;0;1;0;0;0;0
2.91327;0.2;0.0914039;0.1;0.05;0;0;0;1;0;1;0;0;0;0
2.91627;0.2;0.091704;0.1;0.05;0;0;0;1;0;1;0;0;0;0
2.91927;0.2;0.092004;0.1;0.05;0;0;0;1;0;1;0;0;0;0
2.92227;0.2;0.092304;0.1;0.05;0;0;0;1;0;1;0;0;0;0
2.92527;0.2;0.092604;0.1;0.05;0;0;0;1;0;1;0;0;0;0
2.92827;0.2;0.0929041;0.1;0.05;0;0;0;1;0;1;0;0;0;0
2.93127;0.2;0.0932041;0.1;0.05;0;0;0;1;0;1;0;0;0;0
2.93427;0.2;0.0935041;0.1;0.05;0;0;0;1;0;1;0;0;0;0
2.93727;0.2;0.0938042;0.1;0.05;0;0;0;1;0;1;0;0;0;0
2.94027;0.2;0.0941042;0.1;0.05;0;0;0;1;0;1;0;0;0;0
2.94327;0.2;0.0944042;0.1;0.05;0;0;0;1;0;1;0;0;0;0
2.94627;0.2;0.0947042;0.1;0.05;0;0;0;1;0;1;0;0;0;0
2.94927;0.2;0.0950043;0.1;0.05;0;0;0;1;0;1;0;0;0;0
2.95227;0.2;0.0953043;0.1;0.05;0;0;0;1;0;1;0;0;0;0
2.95527;0.2;0.0956043;0.1;0.05;0;0;0;1;0;1;0;0;0;0
2.95827;0.2;0.0959044;0.1;0.05;0;0;0;1;0;1;0;0;0;0
2.96127;0.2;0.0962044;0.1;0.05;0;0;0;1;0;1;0;0;0;0
2.96427;0.2;0.0965044;0.1;0.05;0;0;0;1;0;1;0;0;0;0
2.96727;0.2;0.0968044;0.1;0.05;0;0;0;1;0;1;0;0;0;0
2.97027;0.2;0.0971045;0.1;0.05;0;0;0;1;0;1;0;0;0;0
2.97327;0.2;0.0974045;0.1;0.05;0;0;0;1;0;1;0;0;0;0
2.97627;0.2;0.0977045;0.1;0.05;0;0;0;1;0;1;0;0;0;0
2.97927;0.2;0.0980045;0.1;0.05;0;0;0;1;0;1;0;0;0;0
2.98227;0.2;0.0983046;0.1;0.05;0;0;0;1;0;1;0;0;0;0
2.98527;0.2;0.0986046;0.1;0.05;0;0;0;1;0;1;0;0;0;0
2.98827;0.2;0.0989046;0.1;0.05;0;0;0;1;0;1;0;0;0;0
2.99127;0.2;0.0992047;0.1;0.05;0;0;0;1;0;1;0;0;0;0
2.99427;0.2;0.0995047;0.1;0.05;0;0;0;1;0;1;0;0;0;0
2.99728;0.2;0.0998047;0.1;0.05;0;0;0;1;0;1;0;0;0;0
3.00028;0.2;0.1;0.1;0.05;2;0.00450045;0;1;0;1;1;1;1;1
3.00328;0.2;0.1;0.1;0.05;2;0.0090009;0;1;0;1;0;0;0;0
3.00628;0.2;0.1;0.1;0.05;2;0.0135013;0;1;0;1;0;0;0;0
3.00928;0.2;0.1;0.1;0.05;2;0.0180018;0;1;0;1;0;0;0;0
3.01228;0.2;0.1;0.1;0.05;2;0.0225023;0;1;0;1;0;0;0;0
3.01528;0.2;0.1;0.1;0.05;2;0.0270027;0;1;0;1;0;0;0;0
3.01828;0.2;0.1;0.1;0.05;2;0.0315032;0;1;0;1;0;0;0;0
3.02128;0.2;0.1;0.1;0.05;2;0.0360036;0;1;0;1;0;0;0;0
3.02428;0.2;0.1;0.1;0.05;2;0.040504;0;1;0;1;0;0;0;0
3.02728;0.2;0.1;0.1;0.05;2;0.0450045;0;1;0;1;0;0;0;0
3.03028;0.2;0.1;0.1;0.05;2;0.0495049;0;1;0;1;0;0;0;0
3.03328;0.2;0.1;0.1;0.05;2;0.0540054;0;1;0;1;0;0;0;0
3.03628;0.2;0.1;0.1;0.05;2;0.0585058;0;1;0;1;0;0;0;0
3.03928;0.2;0.1;0.1;0.05;2;0.0630063;0;1;0;1;0;0;0;0
3.04228;0.2;0.1;0.1;0.05;2;0.0675067;0;1;0;1;0;0;0;0
3.04528;0.2;0.1;0.1;0.05;2;0.0720072;0;1;0;1;0;0;0;0
3.04828;0.2;0.1;0.1;0.05;2;0.0765076;0;1;0;1;0;0;0;0
3.05128;0.2;0.1;0.1;0.05;2;0.0810081;0;1;0;1;0;0;0;0
3.05428;0.2;0.1;0.1;0.05;2;0.0855085;0;1;0;1;0;0;0;0
3.05728;0.2;0.1;0.1;0.05;2;0.090009;0;1;0;1;0;0;0;0
3.06028;0.2;0.1;0.1;0.05;2;0.0945094;0;1;0;1;0;0;0;0
3.06328;0.2;0.1;0.1;0.05;2;0.0990099;0;1;0;1;0;0;0;0
3.06628;0.2;0.1;0.1;0.05;2;0.10351;0;1;0;1;0;0;0;0
3.06928;0.2;0.1;0.1;0.05;2;0.108011;0;1;0;1;0;0;0;0
3.07228;0.2;0.1;0.1;0.05;2;0.112511;0;1;0;1;0;0;0;0
3.07528;0.2;0.1;0.1;0.05;2;0.117012;0;1;0;1;0;0;0;0
3.07828;0.2;0.1;0.1;0.05;2;0.121512;0;1;0;1;0;0;0;0
3.08128;0.2;0.1;0.1;0.05;2;0.126013;0;1;0;1;0;0;0;0
3.08428;0.2;0.1;0.1;0.05;2;0.130513;0;1;0;1;0;0;0;0
3.08728;0.2;0.1;0.1;0.05;2;0.135013;0;1;0;1;0;0;0;0
3.09028;0.2;0.1;0.1;0.05;2;0.139514;0;1;0;1;0;0;0;0
3.09328;0.2;0.1;0.1;0.05;2;0.144014;0;1;0;1;0;0;0;0
3.09628;0.2;0.1;0.1;0.05;2;0.148515;0;1;0;1;0;0;0;0
3.09928;0.2;0.1;0.1;0.05;2;0.153015;0;1;0;1;0;0;0;0
3.10228;0.2;0.1;0.1;0.05;2;0.157516;0;1;0;1;0;0;0;0
3.10528;0.2;0.1;0.1;0.05;2;0.162016;0;1;0;1;0;0;0;0
3.10828;0.2;0.1;0.1;0.05;2;0.166517;0;1;0;1;0;0;0;0
3.11128;0.2;0.1;0.1;0.05;2;0.171017;0;1;0;1;0;0;0;0
3.11429;0.2;0.1;0.1;0.05;2;0.175518;0;1;0;1;0;0;0;0
3.11729;0.2;0.1;0.1;0.05;2;0.180018;0;1;0;1;0;0;0;0
3.12029;0.2;0.1;0.1;0.05;2;0.184518;1;1;1;1;0;0;0;0
3.12329;0.2;0.1;0.1;0.05;2;0.189019;1;1;1;1;0;0;0;0
3.12629;0.2;0.1;0.1;0.05;2;0.193519;1;1;1;1;0;0;0;0
3.12929;0.2;0.1;0.1;0.05;2;0.19802;1;1;1;1;0;0;0;0
3.13229;0.2;0.1;0.1;0.05;2;0.20252;1;0;1;0;0;0;0;0
3.13529;0.2;0.1;0.1;0.05;2;0.207021;1;0;1;0;0;0;0;0
3.13829;0.2;0.1;0.1;0.05;2;0.211521;1;0;1;0;0;0;0;0
3.14129;0.2;0.1;0.1;0.05;2;0.216022;1;0;1;0;0;0;0;0
3.14429;0.2;0.1;0.1;0.05;2;0.220522;1;0;1;0;0;0;0;0
3.14729;0.2;0.1;0.1;0.05;2;0.225022;1;0;1;0;0;0;0;0
3.15029;0.2;0.1;0.1;0.05;2;0.229523;1;0;1;0;0;0;0;0
3.15329;0.2;0.1;0.1;0.05;2;0.234023;1;0;1;0;0;0;0;0
3.15629;0.2;0.1;0.1;0.05;2;0.238524;1;0;1;0;0;0;0;0
3.15929;0.2;0.1;0.1;0.05;2;0.243024;1;0;1;0;0;0;0;0
3.16229;0.2;0.1;0.1;0.05;2;0.247525;1;0;1;0;0;0;0;0
3.16529;0.2;0.1;0.1;0.05;2;0.252025;1;0;1;0;0;0;0;0
3.16829;0.2;0.1;0.1;0.05;2;0.256526;1;0;1;0;0;0;0;0
3.17129;0.2;0.1;0.1;0.05;2;0.261026;1;0;1;0;0;0;0;0
3.17429;0.2;0.1;0.1;0.05;2;0.265527;1;0;1;0;0;0;0;0
3.17729;0.2;0.1;0.1;0.05;2;0.270027;1;0;1;0;0;0;0;0
3.18029;0.2;0.1;0.1;0.05;2;0.274527;1;0;1;0;0;0;0;0
3.18329;0.2;0.1;0.1;0.05;2;0.279028;1;0;1;0;0;0;0;0
3.18629;0.2;0.1;0.1;0.05;2;0.283528;1;0;1;0;0;0;0;0
3.18929;0.2;0.1;0.1;0.05;2;0.288029;1;0;1;0;0;0;0;0
3.19229;0.2;0.1;0.1;0.05;2;0.292529;1;0;1;0;0;0;0;0
3.19529;0.2;0.1;0.1;0.05;2;0.29703;1;0;1;0;0;0;0;0
3.19829;0.2;0.1;0.1;0.05;2;0.30153;1;0;1;0;0;0;0;0
3.20129;0.2;0.1;0.1;0.05;2;0.306031;1;0;1;0;0;0;0;0
3.20429;0.2;0.1;0.1;0.05;2;0.310531;1;0;1;0;0;0;0;0
3.20729;0.2;0.1;0.1;0.05;2;0.315031;1;0;1;0;0;0;0;0
3.21029;0.2;0.1;0.1;0.05;2;0.319532;1;0;1;0;0;0;0;0
3.21329;0.2;0.1;0.1;0.05;2;0.324032;1;0;1;0;0;0;0;0
3.21629;0.2;0.1;0.1;0.05;2;0.328533;1;0;1;0;0;0;0;0
3.21929;0.2;0.1;0.1;0.05;2;0.333033;1;0;1;0;0;0;0;0
3.22229;0.2;0.1;0.1;0.05;2;0.337534;1;0;1;0;0;0;0;0
3.22529;0.2;0.1;0.1;0.05;2;0.342034;1;0;1;0;0;0;0;0
3.2283;0.2;0.1;0.1;0.05;2;0.346535;1;0;1;0;0;0;0;0
3.2313;0.2;0.1;0.1;0.05;2;0.351035;1;0;1;0;0;0;0;0
3.2343;0.2;0.1;0.1;0.05;2;0.355535;1;0;1;0;0;0;0;0
3.2373;0.2;0.1;0.1;0.05;2;0.360036;1;0;1;0;0;0;0;0
3.2403;0.2;0.1;0.1;0.05;2;0.364536;1;0;1;0;0;0;0;0
3.2433;0.2;0.1;0.1;0.05;2;0.369037;1;0;1;0;0;0;0;0
3.2463;0.2;0.1;0.1;0.05;2;0.373537;1;0;1;0;0;0;0;0
3.2493;0.2;0.1;0.1;0.05;2;0.378038;1;0;1;0;0;0;0;0
3.2523;0.2;0.1;0.1;0.05;2;0.382538;1;0;1;0;1;1;1;1
3.2553;0.2;0.1;0.1;0.05;2;0.387039;1;0;1;0;0;0;0;0
3.2583;0.2;0.1;0.1;0.05;2;0.391539;1;0;1;0;0;0;0;0
3.2613;0.2;0.1;0.1;0.05;2;0.39604;1;0;1;0;0;0;0;0
3.2643;0.2;0.1;0.1;0.05;2;0.40054;1;0;1;0;0;0;0;0
3.2673;0.2;0.1;0.1;0.05;2;0.40504;1;0;1;0;0;0;0;0
3.2703;0.2;0.1;0.1;0.05;2;0.409541;1;0;1;0;0;0;0;0
3.2733;0.2;0.1;0.1;0.05;2;0.414041;1;0;1;0;0;0;0;0
3.2763;0.2;0.1;0.1;0.05;2;0.418542;1;0;1;0;0;0;0;0
3.2793;0.2;0.1;0.1;0.05;2;0.423042;1;0;1;0;0;0;0;0
3.2823;0.2;0.1;0.1;0.05;2;0.427543;1;0;1;0;0;0;0;0
3.2853;0.2;0.1;0.1;0.05;2;0.432043;1;0;1;0;0;0;0;0
3.2883;0.2;0.1;0.1;0.05;2;0.436544;1;0;1;0;0;0;0;0
3.2913;0.2;0.1;0.1;0.05;2;0.441044;1;0;1;0;0;0;0;0
3.2943;0.2;0.1;0.1;0.05;2;0.445544;1;0;1;0;0;0;0;0
3.2973;0.2;0.1;0.1;0.05;2;0.450045;1;0;1;0;0;0;0;0
3.3003;0.2;0.1;0.1;0.05;2;0.454545;1;0;1;0;0;0;0;0
3.3033;0.2;0.1;0.1;0.05;2;0.459046;1;0;1;0;0;0;0;0
3.3063;0.2;0.1;0.1;0.05;2;0.463546;1;0;1;0;0;0;0;0
3.3093;0.2;0.1;0.1;0.05;2;0.468047;1;0;1;0;0;0;0;0
3.3123;0.2;0.1;0.1;0.05;2;0.472547;1;0;1;0;0;0;0;0
3.3153;0.2;0.1;0.1;0.05;2;0.477048;1;0;1;0;0;0;0;0
3.3183;0.2;0.1;0.1;0.05;2;0.481548;1;0;1;0;0;0;0;0
3.3213;0.2;0.1;0.1;0.05;2;0.486048;1;0;1;0;0;0;0;0
3.3243;0.2;0.1;0.1;0.05;2;0.490549;1;0;1;0;0;0;0;0
3.3273;0.2;0.1;0.1;0.05;2;0.495049;1;0;1;0;0;0;0;0
3.3303;0.2;0.1;0.1;0.05;2;0.49955;1;0;1;0;0;0;0;0
3.3333;0.2;0.1;0.1;0.05;2;0.50405;1;0;1;0;0;0;0;0
3.3363;0.2;0.1;0.1;0.05;2;0.508551;1;0;1;0;0;0;0;0
3.3393;0.2;0.1;0.1;0.05;2;0.513051;1;0;1;0;0;0;0;0
3.3423;0.2;0.1;0.1;0.05;2;0.517552;1;0;1;0;0;0;0;0
3.34531;0.2;0.1;0.1;0.05;2;0.522052;1;0;1;0;0;0;0;0
3.34831;0.2;0.1;0.1;0.05;2;0.526553;1;0;1;0;0;0;0;0
3.35131;0.2;0.1;0.1;0.05;2;0.531053;1;0;1;0;0;0;0;0
3.35431;0.2;0.1;0.1;0.05;2;0.535553;1;0;1;0;0;0;0;0
3.35731;0.2;0.1;0.1;0.05;2;0.540054;1;0;1;0;0;0;0;0
3.36031;0.2;0.1;0.1;0.05;2;0.544554;1;0;1;0;0;0;0;0
3.36331;0.2;0.1;0.1;0.05;2;0.549055;1;0;1;0;0;0;0;0
3.36631;0.2;0.1;0.1;0.05;2;0.553555;1;0;1;0;0;0;0;0
3.36931;0.2;0.1;0.1;0.05;2;0.558056;1;0;1;0;0;0;0;0
3.37231;0.2;0.1;0.1;0.05;2;0.562556;1;1;1;1;0;0;0;0
3.37531;0.2;0.1;0.1;0.05;2;0.567057;1;1;1;1;0;0;0;0
3.37831;0.2;0.1;0.1;0.05;2;0.571557;1;1;1;1;0;0;0;0
3.38131;0.2;0.1;0.1;0.05;2;0.576057;0;1;0;1;0;0;0;0
3.38431;0.2;0.1;0.1;0.05;2;0.580558;0;1;0;1;0;0;0;0
3.38731;0.2;0.1;0.1;0.05;2;0.585058;0;1;0;1;0;0;0;0
3.39031;0.2;0.1;0.1;0.05;2;0.589559;0;1;0;1;0;0;0;0
3.39331;0.2;0.1;0.1;0.05;2;0.594059;0;1;0;1;0;0;0;0
3.39631;0.2;0.1;0.1;0.05;2;0.59856;0;1;0;1;0;0;0;0
3.39931;0.2;0.1;0.1;0.05;2;0.60306;0;1;0;1;0;0;0;0
3.40231;0.2;0.1;0.1;0.05;2;0.607561;0;1;0;1;0;0;0;0
3.40531;0.2;0.1;0.1;0.05;2;0.612061;0;1;0;1;0;0;0;0
3.40831;0.2;0.1;0.1;0.05;2;0.616562;0;1;0;1;0;0;0;0
3.41131;0.2;0.1;0.1;0.05;2;0.621062;0;1;0;1;0;0;0;0
3.41431;0.2;0.1;0.1;0.05;2;0.625562;0;1;0;1;0;0;0;0
3.41731;0.2;0.1;0.1;0.05;2;0.630063;0;1;0;1;0;0;0;0
3.42031;0.2;0.1;0.1;0.05;2;0.634563;0;1;0;1;0;0;0;0
3.42331;0.2;0.1;0.1;0.05;2;0.639064;0;1;0;1;0;0;0;0
3.42631;0.2;0.1;0.1;0.05;2;0.643564;0;1;0;1;0;0;0;0
3.42931;0.2;0.1;0.1;0.05;2;0.648065;0;1;0;1;0;0;0;0
3.43231;0.2;0.1;0.1;0.05;2;0.652565;0;1;0;1;0;0;0;0
3.43531;0.2;0.1;0.1;0.05;2;0.657066;0;1;0;1;0;0;0;0
3.43831;0.2;0.1;0.1;0.05;2;0.661566;0;1;0;1;0;0;0;0
3.44131;0.2;0.1;0.1;0.05;2;0.666066;0;1;0;1;0;0;0;0
3.44431;0.2;0.1;0.1;0.05;2;0.670567;0;1;0;1;0;0;0;0
3.44731;0.2;0.1;0.1;0.05;2;0.675067;0;1;0;1;0;0;0;0
3.45031;0.2;0.1;0.1;0.05;2;0.679568;0;1;0;1;0;0;0;0
3.45331;0.2;0.1;0.1;0.05;2;0.684068;0;1;0;1;0;0;0;0
3.45631;0.2;0.1;0.1;0.05;2;0.688569;0;1;0;1;0;0;0;0
3.45932;0.2;0.1;0.1;0.05;2;0.693069;0;1;0;1;0;0;0;0
3.46232;0.2;0.1;0.1;0.05;2;0.69757;0;1;0;1;0;0;0;0
3.46532;0.2;0.1;0.1;0.05;2;0.70207;0;1;0;1;0;0;0;0
3.46832;0.2;0.1;0.1;0.05;2;0.706571;0;1;0;1;0;0;0;0
3.47132;0.2;0.1;0.1;0.05;2;0.711071;0;1;0;1;0;0;0;0
3.47432;0.2;0.1;0.1;0.05;2;0.715571;0;1;0;1;0;0;0;0
3.47732;0.2;0.1;0.1;0.05;2;0.720072;0;1;0;1;0;0;0;0
3.48032;0.2;0.1;0.1;0.05;2;0.724572;0;1;0;1;0;0;0;0
3.48332;0.2;0.1;0.1;0.05;2;0.729073;0;1;0;1;0;0;0;0
3.48632;0.2;0.1;0.1;0.05;2;0.733573;0;1;0;1;0;0;0;0
3.48932;0.2;0.1;0.1;0.05;2;0.738074;0;1;0;1;0;0;0;0
3.49232;0.2;0.1;0.1;0.05;2;0.742574;0;1;0;1;0;0;0;0
3.49532;0.2;0.1;0.1;0.05;2;0.747075;0;1;0;1;0;0;0;0
3.49832;0.2;0.1;0.1;0.05;2;0.751575;0;1;0;1;0;0;0;0
3.50132;0.2;0.1;0;0.0497;2;0.756075;0;1;0;1;1;1;1;1
3.50432;0.2;0.1;0;0.0493999;2;0.760576;0;1;0;1;0;0;0;0
3.50732;0.2;0.1;0;0.0490999;2;0.765076;0;1;0;1;0;0;0;0
3.51032;0.2;0.1;0;0.0487999;2;0.769577;0;1;0;1;0;0;0;0
3.51332;0.2;0.1;0;0.0484998;2;0.774077;0;1;0;1;0;0;0;0
3.51632;0.2;0.1;0;0.0481998;2;0.778578;0;1;0;1;0;0;0;0
3.51932;0.2;0.1;0;0.0478998;2;0.783078;0;1;0;1;0;0;0;0
3.52232;0.2;0.1;0;0.0475998;2;0.787579;0;1;0;1;0;0;0;0
3.52532;0.2;0.1;0;0.0472997;2;0.792079;0;1;0;1;0;0;0;0
3.52832;0.2;0.1;0;0.0469997;2;0.796579;0;1;0;1;0;0;0;0
3.53132;0.2;0.1;0;0.0466997;2;0.80108;0;1;0;1;0;0;0;0
3.53432;0.2;0.1;0;0.0463996;2;0.80558;0;1;0;1;0;0;0;0
3.53732;0.2;0.1;0;0.0460996;2;0.810081;0;1;0;1;0;0;0;0
3.54032;0.2;0.1;0;0.0457996;2;0.814581;0;1;0;1;0;0;0;0
3.54332;0.2;0.1;0;0.0454995;2;0.819082;0;1;0;1;0;0;0;0
3.54632;0.2;0.1;0;0.0451995;2;0.823582;0;1;0;1;0;0;0;0
3.54932;0.2;0.1;0;0.0448995;2;0.828083;0;1;0;1;0;0;0;0
3.55232;0.2;0.1;0;0.0445994;2;0.832583;0;1;0;1;0;0;0;0
3.55532;0.2;0.1;0;0.0442994;2;0.837084;0;1;0;1;0;0;0;0
3.55832;0.2;0.1;0;0.0439994;2;0.841584;0;1;0;1;0;0;0;0
3.56132;0.2;0.1;0;0.0436993;2;0.846084;0;1;0;1;0;0;0;0
3.56432;0.2;0.1;0;0.0433993;2;0.850585;0;1;0;1;0;0;0;0
3.56732;0.2;0.1;0;0.0430993;2;0.855085;0;1;0;1;0;0;0;0
3.57032;0.2;0.1;0;0.0427993;2;0.859586;0;1;0;1;0;0;0;0
3.57332;0.2;0.1;0;0.0424992;2;0.864086;0;1;0;1;0;0;0;0
3.57633;0.2;0.1;0;0.0421992;2;0.868587;0;1;0;1;0;0;0;0
3.57933;0.2;0.1;0;0.0418992;2;0.873087;0;1;0;1;0;0;0;0
3.58233;0.2;0.1;0;0.0415991;2;0.877588;0;1;0;1;0;0;0;0
3.58533;0.2;0.1;0;0.0412991;2;0.882088;0;1;0;1;0;0;0;0
3.58833;0.2;0.1;0;0.0409991;2;0.886588;0;1;0;1;0;0;0;0
3.59133;0.2;0.1;0;0.040699;2;0.891089;0;1;0;1;0;0;0;0
3.59433;0.2;0.1;0;0.040399;2;0.895589;0;1;0;1;0;0;0;0
3.59733;0.2;0.1;0;0.040099;2;0.90009;0;1;0;1;0;0;0;0
3.60033;0.2;0.1;0;0.0397989;2;0.90459;0;1;0;1;0;0;0;0
3.60333;0.2;0.1;0;0.0394989;2;0.909091;0;1;0;1;0;0;0;0
3.60633;0.2;0.1;0;0.0391989;2;0.913591;0;1;0;1;0;0;0;0
3.60933;0.2;0.1;0;0.0388988;2;0.918092;0;1;0;1;0;0;0;0
3.61233;0.2;0.1;0;0.0385988;2;0.922592;0;1;0;1;0;0;0;0
3.61533;0.2;0.1;0;0.0382988;2;0.927092;0;1;0;1;0;0;0;0
3.61833;0.2;0.1;0;0.0379988;2;0.931593;0;1;0;1;0;0;0;0
3.62133;0.2;0.1;0;0.0376987;2;0.936093;1;1;1;1;0;0;0;0
3.62433;0.2;0.1;0;0.0373987;2;0.940594;1;1;1;1;0;0;0;0
3.62733;0.2;0.1;0;0.0370987;2;0.945094;1;1;1;1;0;0;0;0
3.63033;0.2;0.1;0;0.0367986;2;0.949595;1;0;1;0;0;0;0;0
3.63333;0.2;0.1;0;0.0364986;2;0.954095;1;0;1;0;0;0;0;0
3.63633;0.2;0.1;0;0.0361986;2;0.958596;1;0;1;0;0;0;0;0
3.63933;0.2;0.1;0;0.0358985;2;0.963096;1;0;1;0;0;0;0;0
3.64233;0.2;0.1;0;0.0355985;2;0.967597;1;0;1;0;0;0;0;0
3.64533;0.2;0.1;0;0.0352985;2;0.972097;1;0;1;0;0;0;0;0
3.64833;0.2;0.1;0;0.0349984;2;0.976597;1;0;1;0;0;0;0;0
3.65133;0.2;0.1;0;0.0346984;2;0.981098;1;0;1;0;0;0;0;0
3.65433;0.2;0.1;0;0.0343984;2;0.985598;1;0;1;0;0;0;0;0
3.65733;0.2;0.1;0;0.0340983;2;0.990099;1;0;1;0;0;0;0;0
3.66033;0.2;0.1;0;0.0337983;2;0.994599;1;0;1;0;0;0;0;0
3.66333;0.2;0.1;0;0.0334983;2;0.9991;1;0;1;0;0;0;0;0
3.66633;0.2;0.1;0;0.0331983;2;1.0036;1;0;1;0;0;0;0;0
3.66933;0.2;0.1;0;0.0328982;2;1.0081;1;0;1;0;0;0;0;0
3.67233;0.2;0.1;0;0.0325982;2;1.0126;1;0;1;0;0;0;0;0
3.67533;0.2;0.1;0;0.0322982;2;1.0171;1;0;1;0;0;0;0;0
3.67833;0.2;0.1;0;0.0319981;2;1.0216;1;0;1;0;0;0;0;0
3.68133;0.2;0.1;0;0.0316981;2;1.0261;1;0;1;0;0;0;0;0
3.68433;0.2;0.1;0;0.0313981;2;1.0306;1;0;1;0;0;0;0;0
3.68733;0.2;0.1;0;0.031098;2;1.0351;1;0;1;0;0;0;0;0
3.69034;0.2;0.1;0;0.030798;2;1.0396;1;0;1;0;0;0;0;0
3.69334;0.2;0.1;0;0.030498;2;1.0441;1;0;1;0;0;0;0;0
3.69634;0.2;0.1;0;0.030198;2;1.04861;1;0;1;0;0;0;0;0
3.69934;0.2;0.1;0;0.0298979;2;1.05311;1;0;1;0;0;0;0;0
3.70234;0.2;0.1;0;0.0295979;2;1.05761;1;0;1;0;0;0;0;0
3.70534;0.2;0.1;0;0.0292979;2;1.06211;1;0;1;0;0;0;0;0
3.70834;0.2;0.1;0;0.0289978;2;1.06661;1;0;1;0;0;0;0;0
3.71134;0.2;0.1;0;0.0286978;2;1.07111;1;0;1;0;0;0;0;0
3.71434;0.2;0.1;0;0.0283978;2;1.07561;1;0;1;0;0;0;0;0
3.71734;0.2;0.1;0;0.0280977;2;1.08011;1;0;1;0;0;0;0;0
3.72034;0.2;0.1;0;0.0277977;2;1.08461;1;0;1;0;0;0;0;0
3.72334;0.2;0.1;0;0.0274977;2;1.08911;1;0;1;0;0;0;0;0
3.72634;0.2;0.1;0;0.0271977;2;1.09361;1;0;1;0;0;0;0;0
3.72934;0.2;0.1;0;0.0268976;2;1.09811;1;0;1;0;0;0;0;0
3.73234;0.2;0.1;0;0.0265976;2;1.10261;1;0;1;0;0;0;0;0
3.73534;0.2;0.1;0;0.0262976;2;1.10711;1;0;1;0;0;0;0;0
3.73834;0.2;0.1;0;0.0259975;2;1.11161;1;0;1;0;0;0;0;0
3.74134;0.2;0.1;0;0.0256975;2;1.11611;1;0;1;0;0;0;0;0
3.74434;0.2;0.1;0;0.0253975;2;1.12061;1;0;1;0;0;0;0;0
3.74734;0.2;0.1;0;0.0250975;2;1.12511;1;0;1;0;0;0;0;0
3.75034;0.2;0.1;0;0.0247974;2;1.12961;1;0;1;0;1;1;1;1
3.75334;0.2;0.1;0;0.0244974;2;1.13411;1;0;1;0;0;0;0;0
3.75634;0.2;0.1;0;0.0241974;2;1.13862;1;0;1;0;0;0;0;0
3.75934;0.2;0.1;0;0.0238973;2;1.14312;1;0;1;0;0;0;0;0
3.76234;0.2;0.1;0;0.0235973;2;1.14762;1;0;1;0;0;0;0;0
3.76534;0.2;0.1;0;0.0232973;2;1.15212;1;0;1;0;0;0;0;0
3.76834;0.2;0.1;0;0.0229972;2;1.15662;1;0;1;0;0;0;0;0
3.77134;0.2;0.1;0;0.0226972;2;1.16112;1;0;1;0;0;0;0;0
3.77434;0.2;0.1;0;0.0223972;2;1.16562;1;0;1;0;0;0;0;0
3.77734;0.2;0.1;0;0.0220972;2;1.17012;1;0;1;0;0;0;0;0
3.78034;0.2;0.1;0;0.0217971;2;1.17462;1;0;1;0;0;0;0;0
3.78334;0.2;0.1;0;0.0214971;2;1.17912;1;0;1;0;0;0;0;0
3.78634;0.2;0.1;0;0.0211971;2;1.18362;1;0;1;0;0;0;0;0
3.78934;0.2;0.1;0;0.020897;2;1.18812;1;0;1;0;0;0;0;0
3.79234;0.2;0.1;0;0.020597;2;1.19262;1;0;1;0;0;0;0;0
3.79534;0.2;0.1;0;0.020297;2;1.19712;1;0;1;0;0;0;0;0
3.79834;0.2;0.1;0;0.019997;2;1.20162;1;0;1;0;0;0;0;0
3.80134;0.2;0.1;0;0.0196969;2;1.20612;1;0;1;0;0;0;0;0
3.80434;0.2;0.1;0;0.0193969;2;1.21062;1;0;1;0;0;0;0;0
3.80735;0.2;0.1;0;0.0190969;2;1.21512;1;0;1;0;0;0;0;0
3.81035;0.2;0.1;0;0.0187968;2;1.21962;1;0;1;0;0;0;0;0
3.81335;0.2;0.1;0;0.0184968;2;1.22413;1;0;1;0;0;0;0;0
3.81635;0.2;0.1;0;0.0181968;2;1.22863;1;0;1;0;0;0;0;0
3.81935;0.2;0.1;0;0.0178968;2;1.23313;1;0;1;0;0;0;0;0
3.82235;0.2;0.1;0;0.0175967;2;1.23763;1;0;1;0;0;0;0;0
3.82535;0.2;0.1;0;0.0172967;2;1.24213;1;0;1;0;0;0;0;0
3.82835;0.2;0.1;0;0.0169967;2;1.24663;1;0;1;0;0;0;0;0
3.83135;0.2;0.1;0;0.0166966;2;1.25113;1;0;1;0;0;0;0;0
3.83435;0.2;0.1;0;0.0163966;2;1.25563;1;0;1;0;0;0;0;0
3.83735;0.2;0.1;0;0.0160966;2;1.26013;1;0;1;0;0;0;0;0
3.84035;0.2;0.1;0;0.0157965;2;1.26463;1;0;1;0;0;0;0;0
3.84335;0.2;0.1;0;0.0154965;2;1.26913;1;0;1;0;0;0;0;0
3.84635;0.2;0.1;0;0.0151965;2;1.27363;1;0;1;0;0;0;0;0
3.84935;0.2;0.1;0;0.0148965;2;1.27813;1;0;1;0;0;0;0;0
3.85235;0.2;0.1;0;0.0145964;2;1.28263;1;0;1;0;0;0;0;0
3.85535;0.2;0.1;0;0.0142964;2;1.28713;1;0;1;0;0;0;0;0
3.85835;0.2;0.1;0;0.0139964;2;1.29163;1;0;1;0;0;0;0;0
3.86135;0.2;0.1;0;0.0136963;2;1.29613;1;0;1;0;0;0;0;0
3.86435;0.2;0.1;0;0.0133963;2;1.30063;1;0;1;0;0;0;0;0
3.86735;0.2;0.1;0;0.0130963;2;1.30513;1;0;1;0;0;0;0;0
3.87035;0.2;0.1;0;0.0127962;2;1.30963;1;1;1;1;0;0;0;0
3.87335;0.2;0.1;0;0.0124962;2;1.31414;1;1;1;1;0;0;0;0
3.87635;0.2;0.1;0;0.0121962;2;1.31864;1;1;1;1;0;0;0;0
3.87935;0.2;0.1;0;0.0118962;2;1.32314;1;1;1;1;0;0;0;0
3.88235;0.2;0.1;0;0.0115961;2;1.32764;0;1;0;1;0;0;0;0
3.88535;0.2;0.1;0;0.0112961;2;1.33214;0;1;0;1;0;0;0;0
3.88835;0.2;0.1;0;0.0109961;2;1.33664;0;1;0;1;0;0;0;0
3.89135;0.2;0.1;0;0.010696;2;1.34114;0;1;0;1;0;0;0;0
3.89435;0.2;0.1;0;0.010396;2;1.34564;0;1;0;1;0;0;0;0
3.89735;0.2;0.1;0;0.010096;2;1.35014;0;1;0;1;0;0;0;0
3.90035;0.2;0.1;0;0.00979594;2;1.35464;0;1;0;1;0;0;0;0
3.90335;0.2;0.1;0;0.00949591;2;1.35914;0;1;0;1;0;0;0;0
3.90635;0.2;0.1;0;0.00919588;2;1.36364;0;1;0;1;0;0;0;0
3.90935;0.2;0.1;0;0.00889585;2;1.36814;0;1;0;1;0;0;0;0
3.91235;0.2;0.1;0;0.00859582;2;1.37264;0;1;0;1;0;0;0;0
3.91535;0.2;0.1;0;0.00829579;2;1.37714;0;1;0;1;0;0;0;0
3.91835;0.2;0.1;0;0.00799576;2;1.38164;0;1;0;1;0;0;0;0
3.92136;0.2;0.1;0;0.00769573;2;1.38614;0;1;0;1;0;0;0;0
3.92436;0.2;0.1;0;0.0073957;2;1.39064;0;1;0;1;0;0;0;0
3.92736;0.2;0.1;0;0.00709567;2;1.39514;0;1;0;1;0;0;0;0
3.93036;0.2;0.1;0;0.00679564;2;1.39964;0;1;0;1;0;0;0;0
3.93336;0.2;0.1;0;0.00649561;2;1.40415;0;1;0;1;0;0;0;0
3.93636;0.2;0.1;0;0.00619558;2;1.40865;0;1;0;1;0;0;0;0
3.93936;0.2;0.1;0;0.00589555;2;1.41315;0;1;0;1;0;0;0;0
3.94236;0.2;0.1;0;0.00559552;2;1.41765;0;1;0;1;0;0;0;0
3.94536;0.2;0.1;0;0.00529549;2;1.42215;0;1;0;1;0;0;0;0
3.94836;0.2;0.1;0;0.00499546;2;1.42665;0;1;0;1;0;0;0;0
3.95136;0.2;0.1;0;0.00469543;2;1.43115;0;1;0;1;0;0;0;0
3.95436;0.2;0.1;0;0.0043954;2;1.43565;0;1;0;1;0;0;0;0
3.95736;0.2;0.1;0;0.00409537;2;1.44015;0;1;0;1;0;0;0;0
3.96036;0.2;0.1;0;0.00379534;2;1.44465;0;1;0;1;0;0;0;0
3.96336;0.2;0.1;0;0.00349531;2;1.44915;0;1;0;1;0;0;0;0
3.96636;0.2;0.1;0;0.00319528;2;1.45365;0;1;0;1;0;0;0;0
3.96936;0.2;0.1;0;0.00289525;2;1.45815;0;1;0;1;0;0;0;0
3.97236;0.2;0.1;0;0.00259522;2;1.46265;0;1;0;1;0;0;0;0
3.97536;0.2;0.1;0;0.00229519;2;1.46715;0;1;0;1;0;0;0;0
3.97836;0.2;0.1;0;0.00199516;2;1.47165;0;1;0;1;0;0;0;0
3.98136;0.2;0.1;0;0.00169513;2;1.47615;0;1;0;1;0;0;0;0
3.98436;0.2;0.1;0;0.0013951;2;1.48065;0;1;0;1;0;0;0;0
3.98736;0.2;0.1;0;0.00109507;2;1.48515;0;1;0;1;0;0;0;0
3.99036;0.2;0.1;0;0.000795037;2;1.48966;0;1;0;1;0;0;0;0
3.99336;0.2;0.1;0;0.000495007;2;1.49416;0;1;0;1;0;0;0;0
3.99636;0.2;0.1;0;0.000194977;2;1.49866;0;1;0;1;0;0;0;0
3.99936;0.2;0.1;0;0;2;1.5;0;1;0;1;0;0;0;0
4.00236;0.2;0.1;0;0;0;1.4955;0;1;0;1;1;1;1;1
4.00536;0.2;0.1;0;0;0;1.491;0;1;0;1;0;0;0;0
4.00836;0.2;0.1;0;0;0;1.4865;0;1;0;1;0;0;0;0
4.01136;0.2;0.1;0;0;0;1.482;0;1;0;1;0;0;0;0
4.01436;0.2;0.1;0;0;0;1.4775;0;1;0;1;0;0;0;0
4.01736;0.2;0.1;0;0;0;1.473;0;1;0;1;0;0;0;0
4.02036;0.2;0.1;0;0;0;1.4685;0;1;0;1;0;0;0;0
4.02336;0.2;0.1;0;0;0;1.464;0;1;0;1;0;0;0;0
4.02636;0.2;0.1;0;0;0;1.4595;0;1;0;1;0;0;0;0
4.02936;0.2;0.1;0;0;0;1.45499;0;1;0;1;0;0;0;0
4.03236;0.2;0.1;0;0;0;1.45049;0;1;0;1;0;0;0;0
4.03537;0.2;0.1;0;0;0;1.44599;0;1;0;1;0;0;0;0
4.03837;0.2;0.1;0;0;0;1.44149;0;1;0;1;0;0;0;0
4.04137;0.2;0.1;0;0;0;1.43699;0;1;0;1;0;0;0;0
4.04437;0.2;0.1;0;0;0;1.43249;0;1;0;1;0;0;0;0
4.04737;0.2;0.1;0;0;0;1.42799;0;1;0;1;0;0;0;0
4.05037;0.2;0.1;0;0;0;1.42349;0;1;0;1;0;0;0;0
4.05337;0.2;0.1;0;0;0;1.41899;0;1;0;1;0;0;0;0
4.05637;0.2;0.1;0;0;0;1.41449;0;1;0;1;0;0;0;0
4.05937;0.2;0.1;0;0;0;1.40999;0;1;0;1;0;0;0;0
4.06237;0.2;0.1;0;0;0;1.40549;0;1;0;1;0;0;0;0
4.06537;0.2;0.1;0;0;0;1.40099;0;1;0;1;0;0;0;0
4.06837;0.2;0.1;0;0;0;1.39649;0;1;0;1;0;0;0;0
4.07137;0.2;0.1;0;0;0;1.39199;0;1;0;1;0;0;0;0
4.07437;0.2;0.1;0;0;0;1.38749;0;1;0;1;0;0;0;0
4.07737;0.2;0.1;0;0;0;1.38299;0;1;0;1;0;0;0;0
4.08037;0.2;0.1;0;0;0;1.37849;0;1;0;1;0;0;0;0
4.08337;0.2;0.1;0;0;0;1.37399;0;1;0;1;0;0;0;0
4.08637;0.2;0.1;0;0;0;1.36949;0;1;0;1;0;0;0;0
4.08937;0.2;0.1;0;0;0;1.36498;0;1;0;1;0;0;0;0
4.09237;0.2;0.1;0;0;0;1.36048;0;1;0;1;0;0;0;0
4.09537;0.2;0.1;0;0;0;1.35598;0;1;0;1;0;0;0;0
4.09837;0.2;0.1;0;0;0;1.35148;0;1;0;1;0;0;0;0
4.10137;0.2;0.1;0;0;0;1.34698;0;1;0;1;0;0;0;0
4.10437;0.2;0.1;0;0;0;1.34248;0;1;0;1;0;0;0;0
4.10737;0.2;0.1;0;0;0;1.33798;0;1;0;1;0;0;0;0
4.11037;0.2;0.1;0;0;0;1.33348;0;1;0;1;0;0;0;0
4.11337;0.2;0.1;0;0;0;1.32898;0;1;0;1;0;0;0;0
4.11637;0.2;0.1;0;0;0;1.32448;0;1;0;1;0;0;0;0
4.11937;0.2;0.1;0;0;0;1.31998;0;1;0;1;0;0;0;0
4.12237;0.2;0.1;0;0;0;1.31548;1;1;1;1;0;0;0;0
4.12537;0.2;0.1;0;0;0;1.31098;1;1;1;1;0;0;0;0
4.12837;0.2;0.1;0;0;0;1.30648;1;1;1;1;0;0;0;0
4.13137;0.2;0.1;0;0;0;1.30198;1;0;1;0;0;0;0;0
4.13437;0.2;0.1;0;0;0;1.29748;1;0;1;0;0;0;0;0
4.13737;0.2;0.1;0;0;0;1.29298;1;0;1;0;0;0;0;0
4.14037;0.2;0.1;0;0;0;1.28848;1;0;1;0;0;0;0;0
4.14337;0.2;0.1;0;0;0;1.28398;1;0;1;0;0;0;0;0
4.14637;0.2;0.1;0;0;0;1.27948;1;0;1;0;0;0;0;0
4.14937;0.2;0.1;0;0;0;1.27497;1;0;1;0;0;0;0;0
4.15238;0.2;0.1;0;0;0;1.27047;1;0;1;0;0;0;0;0
4.15538;0.2;0.1;0;0;0;1.26597;1;0;1;0;0;0;0;0
4.15838;0.2;0.1;0;0;0;1.26147;1;0;1;0;0;0;0;0
4.16138;0.2;0.1;0;0;0;1.25697;1;0;1;0;0;0;0;0
4.16438;0.2;0.1;0;0;0;1.25247;1;0;1;0;0;0;0;0
4.16738;0.2;0.1;0;0;0;1.24797;1;0;1;0;0;0;0;0
4.17038;0.2;0.1;0;0;0;1.24347;1;0;1;0;0;0;0;0
4.17338;0.2;0.1;0;0;0;1.23897;1;0;1;0;0;0;0;0
4.17638;0.2;0.1;0;0;0;1.23447;1;0;1;0;0;0;0;0
4.17938;0.2;0.1;0;0;0;1.22997;1;0;1;0;0;0;0;0
4.18238;0.2;0.1;0;0;0;1.22547;1;0;1;0;0;0;0;0
4.18538;0.2;0.1;0;0;0;1.22097;1;0;1;0;0;0;0;0
4.18838;0.2;0.1;0;0;0;1.21647;1;0;1;0;0;0;0;0
4.19138;0.2;0.1;0;0;0;1.21197;1;0;1;0;0;0;0;0
4.19438;0.2;0.1;0;0;0;1.20747;1;0;1;0;0;0;0;0
4.19738;0.2;0.1;0;0;0;1.20297;1;0;1;0;0;0;0;0
4.20038;0.2;0.1;0;0;0;1.19847;1;0;1;0;0;0;0;0
4.20338;0.2;0.1;0;0;0;1.19397;1;0;1;0;0;0;0;0
4.20638;0.2;0.1;0;0;0;1.18946;1;0;1;0;0;0;0;0
4.20938;0.2;0.1;0;0;0;1.18496;1;0;1;0;0;0;0;0
4.21238;0.2;0.1;0;0;0;1.18046;1;0;1;0;0;0;0;0
4.21538;0.2;0.1;0;0;0;1.17596;1;0;1;0;0;0;0;0
4.21838;0.2;0.1;0;0;0;1.17146;1;0;1;0;0;0;0;0
4.22138;0.2;0.1;0;0;0;1.16696;1;0;1;0;0;0;0;0
4.22438;0.2;0.1;0;0;0;1.16246;1;0;1;0;0;0;0;0
4.22738;0.2;0.1;0;0;0;1.15796;1;0;1;0;0;0;0;0
4.23038;0.2;0.1;0;0;0;1.15346;1;0;1;0;0;0;0;0
4.23338;0.2;0.1;0;0;0;1.14896;1;0;1;0;0;0;0;0
4.23638;0.2;0.1;0;0;0;1.14446;1;0;1;0;0;0;0;0
4.23938;0.2;0.1;0;0;0;1.13996;1;0;1;0;0;0;0;0
4.24238;0.2;0.1;0;0;0;1.13546;1;0;1;0;0;0;0;0
4.24538;0.2;0.1;0;0;0;1.13096;1;0;1;0;0;0;0;0
4.24838;0.2;0.1;0;0;0;1.12646;1;0;1;0;0;0;0;0
4.25138;0.2;0.1;0;0;0;1.12196;1;0;1;0;1;1;1;1
4.25438;0.2;0.1;0;0;0;1.11746;1;0;1;0;0;0;0;0
4.25738;0.2;0.1;0;0;0;1.11296;1;0;1;0;0;0;0;0
4.26038;0.2;0.1;0;0;0;1.10846;1;0;1;0;0;0;0;0
4.26338;0.2;0.1;0;0;0;1.10396;1;0;1;0;0;0;0;0
4.26639;0.2;0.1;0;0;0;1.09945;1;0;1;0;0;0;0;0
4.26939;0.2;0.1;0;0;0;1.09495;1;0;1;0;0;0;0;0
4.27239;0.2;0.1;0;0;0;1.09045;1;0;1;0;0;0;0;0
4.27539;0.2;0.1;0;0;0;1.08595;1;0;1;0;0;0;0;0
4.27839;0.2;0.1;0;0;0;1.08145;1;0;1;0;0;0;0;0
4.28139;0.2;0.1;0;0;0;1.07695;1;0;1;0;0;0;0;0
4.28439;0.2;0.1;0;0;0;1.07245;1;0;1;0;0;0;0;0
4.28739;0.2;0.1;0;0;0;1.06795;1;0;1;0;0;0;0;0
4.29039;0.2;0.1;0;0;0;1.06345;1;0;1;0;0;0;0;0
4.29339;0.2;0.1;0;0;0;1.05895;1;0;1;0;0;0;0;0
4.29639;0.2;0.1;0;0;0;1.05445;1;0;1;0;0;0;0;0
4.29939;0.2;0.1;0;0;0;1.04995;1;0;1;0;0;0;0;0
4.30239;0.2;0.1;0;0;0;1.04545;1;0;1;0;0;0;0;0
4.30539;0.2;0.1;0;0;0;1.04095;1;0;1;0;0;0;0;0
4.30839;0.2;0.1;0;0;0;1.03645;1;0;1;0;0;0;0;0
4.31139;0.2;0.1;0;0;0;1.03195;1;0;1;0;0;0;0;0
4.31439;0.2;0.1;0;0;0;1.02745;1;0;1;0;0;0;0;0
4.31739;0.2;0.1;0;0;0;1.02295;1;0;1;0;0;0;0;0
4.32039;0.2;0.1;0;0;0;1.01845;1;0;1;0;0;0;0;0
4.32339;0.2;0.1;0;0;0;1.01395;1;0;1;0;0;0;0;0
4.32639;0.2;0.1;0;0;0;1.00944;1;0;1;0;0;0;0;0
4.32939;0.2;0.1;0;0;0;1.00494;1;0;1;0;0;0;0;0
4.33239;0.2;0.1;0;0;0;1.00044;1;0;1;0;0;0;0;0
4.33539;0.2;0.1;0;0;0;0.995943;1;0;1;0;0;0;0;0
4.33839;0.2;0.1;0;0;0;0.991443;1;0;1;0;0;0;0;0
4.34139;0.2;0.1;0;0;0;0.986942;1;0;1;0;0;0;0;0
4.34439;0.2;0.1;0;0;0;0.982442;1;0;1;0;0;0;0;0
4.34739;0.2;0.1;0;0;0;0.977941;1;0;1;0;0;0;0;0
4.35039;0.2;0.1;0;0;0;0.973441;1;0;1;0;0;0;0;0
4.35339;0.2;0.1;0;0;0;0.96894;1;0;1;0;0;0;0;0
4.35639;0.2;0.1;0;0;0;0.96444;1;0;1;0;0;0;0;0
4.35939;0.2;0.1;0;0;0;0.95994;1;0;1;0;0;0;0;0
4.36239;0.2;0.1;0;0;0;0.955439;1;0;1;0;0;0;0;0
4.36539;0.2;0.1;0;0;0;0.950939;1;0;1;0;0;0;0;0
4.36839;0.2;0.1;0;0;0;0.946438;1;0;1;0;0;0;0;0
4.37139;0.2;0.1;0;0;0;0.941938;1;1;1;1;0;0;0;0
4.37439;0.2;0.1;0;0;0;0.937437;1;1;1;1;0;0;0;0
4.37739;0.2;0.1;0;0;0;0.932937;1;1;1;1;0;0;0;0
4.38039;0.2;0.1;0;0;0;0.928436;0;1;0;1;0;0;0;0
4.3834;0.2;0.1;0;0;0;0.923936;0;1;0;1;0;0;0;0
4.3864;0.2;0.1;0;0;0;0.919436;0;1;0;1;0;0;0;0
4.3894;0.2;0.1;0;0;0;0.914935;0;1;0;1;0;0;0;0
4.3924;0.2;0.1;0;0;0;0.910435;0;1;0;1;0;0;0;0
4.3954;0.2;0.1;0;0;0;0.905934;0;1;0;1;0;0;0;0
4.3984;0.2;0.1;0;0;0;0.901434;0;1;0;1;0;0;0;0
4.4014;0.2;0.1;0;0;0;0.896933;0;1;0;1;0;0;0;0
4.4044;0.2;0.1;0;0;0;0.892433;0;1;0;1;0;0;0;0
4.4074;0.2;0.1;0;0;0;0.887932;0;1;0;1;0;0;0;0
4.4104;0.2;0.1;0;0;0;0.883432;0;1;0;1;0;0;0;0
4.4134;0.2;0.1;0;0;0;0.878931;0;1;0;1;0;0;0;0
4.4164;0.2;0.1;0;0;0;0.874431;0;1;0;1;0;0;0;0
4.4194;0.2;0.1;0;0;0;0.869931;0;1;0;1;0;0;0;0
4.4224;0.2;0.1;0;0;0;0.86543;0;1;0;1;0;0;0;0
4.4254;0.2;0.1;0;0;0;0.86093;0;1;0;1;0;0;0;0
4.4284;0.2;0.1;0;0;0;0.856429;0;1;0;1;0;0;0;0
4.4314;0.2;0.1;0;0;0;0.851929;0;1;0;1;0;0;0;0
4.4344;0.2;0.1;0;0;0;0.847428;0;1;0;1;0;0;0;0
4.4374;0.2;0.1;0;0;0;0.842928;0;1;0;1;0;0;0;0
4.4404;0.2;0.1;0;0;0;0.838427;0;1;0;1;0;0;0;0
4.4434;0.2;0.1;0;0;0;0.833927;0;1;0;1;0;0;0;0
4.4464;0.2;0.1;0;0;0;0.829427;0;1;0;1;0;0;0;0
4.4494;0.2;0.1;0;0;0;0.824926;0;1;0;1;0;0;0;0
4.4524;0.2;0.1;0;0;0;0.820426;0;1;0;1;0;0;0;0
4.4554;0.2;0.1;0;0;0;0.815925;0;1;0;1;0;0;0;0
4.4584;0.2;0.1;0;0;0;0.811425;0;1;0;1;0;0;0;0
4.4614;0.2;0.1;0;0;0;0.806924;0;1;0;1;0;0;0;0
4.4644;0.2;0.1;0;0;0;0.802424;0;1;0;1;0;0;0;0
4.4674;0.2;0.1;0;0;0;0.797923;0;1;0;1;0;0;0;0
4.4704;0.2;0.1;0;0;0;0.793423;0;1;0;1;0;0;0;0
4.4734;0.2;0.1;0;0;0;0.788922;0;1;0;1;0;0;0;0
4.4764;0.2;0.1;0;0;0;0.784422;0;1;0;1;0;0;0;0
4.4794;0.2;0.1;0;0;0;0.779922;0;1;0;1;0;0;0;0
4.4824;0.2;0.1;0;0;0;0.775421;0;1;0;1;0;0;0;0
4.4854;0.2;0.1;0;0;0;0.770921;0;1;0;1;0;0;0;0
4.4884;0.2;0.1;0;0;0;0.76642;0;1;0;1;0;0;0;0
4.4914;0.2;0.1;0;0;0;0.76192;0;1;0;1;0;0;0;0
4.4944;0.2;0.1;0;0;0;0.757419;0;1;0;1;0;0;0;0
4.49741;0.2;0.1;0;0;0;0.752919;0;1;0;1;0;0;0;0
4.50041;0;0.0997;0;0;0;0.748418;0;1;0;1;1;1;1;1
4.50341;0;0.0993999;0;0;0;0.743918;0;1;0;1;0;0;0;0
4.50641;0;0.0990999;0;0;0;0.739418;0;1;0;1;0;0;0;0
4.50941;0;0.0987999;0;0;0;0.734917;0;1;0;1;0;0;0;0
4.51241;0;0.0984999;0;0;0;0.730417;0;1;0;1;0;0;0;0
4.51541;0;0.0981998;0;0;0;0.725916;0;1;0;1;0;0;0;0
4.51841;0;0.0978998;0;0;0;0.721416;0;1;0;1;0;0;0;0
4.52141;0;0.0975998;0;0;0;0.716915;0;1;0;1;0;0;0;0
4.52441;0;0.0972998;0;0;0;0.712415;0;1;0;1;0;0;0;0
4.52741;0;0.0969997;0;0;0;0.707914;0;1;0;1;0;0;0;0
4.53041;0;0.0966997;0;0;0;0.703414;0;1;0;1;0;0;0;0
4.53341;0;0.0963997;0;0;0;0.698914;0;1;0;1;0;0;0;0
4.53641;0;0.0960996;0;0;0;0.694413;0;1;0;1;0;0;0;0
4.53941;0;0.0957996;0;0;0;0.689913;0;1;0;1;0;0;0;0
4.54241;0;0.0954996;0;0;0;0.685412;0;1;0;1;0;0;0;0
4.54541;0;0.0951996;0;0;0;0.680912;0;1;0;1;0;0;0;0
4.54841;0;0.0948995;0;0;0;0.676411;0;1;0;1;0;0;0;0
4.55141;0;0.0945995;0;0;0;0.671911;0;1;0;1;0;0;0;0
4.55441;0;0.0942995;0;0;0;0.66741;0;1;0;1;0;0;0;0
4.55741;0;0.0939995;0;0;0;0.66291;0;1;0;1;0;0;0;0
4.56041;0;0.0936994;0;0;0;0.658409;0;1;0;1;0;0;0;0
4.56341;0;0.0933994;0;0;0;0.653909;0;1;0;1;0;0;0;0
4.56641;0;0.0930994;0;0;0;0.649409;0;1;0;1;0;0;0;0
4.56941;0;0.0927993;0;0;0;0.644908;0;1;0;1;0;0;0;0
4.57241;0;0.0924993;0;0;0;0.640408;0;1;0;1;0;0;0;0
4.57541;0;0.0921993;0;0;0;0.635907;0;1;0;1;0;0;0;0
4.57841;0;0.0918993;0;0;0;0.631407;0;1;0;1;0;0;0;0
4.58141;0;0.0915992;0;0;0;0.626906;0;1;0;1;0;0;0;0
4.58441;0;0.0912992;0;0;0;0.622406;0;1;0;1;0;0;0;0
4.58741;0;0.0909992;0;0;0;0.617905;0;1;0;1;0;0;0;0
4.59041;0;0.0906992;0;0;0;0.613405;0;1;0;1;0;0;0;0
4.59341;0;0.0903991;0;0;0;0.608905;0;1;0;1;0;0;0;0
4.59641;0;0.0900991;0;0;0;0.604404;0;1;0;1;0;0;0;0
4.59941;0;0.0897991;0;0;0;0.599904;0;1;0;1;0;0;0;0
4.60241;0;0.089499;0;0;0;0.595403;0;1;0;1;0;0;0;0
4.60541;0;0.089199;0;0;0;0.590903;0;1;0;1;0;0;0;0
4.60841;0;0.088899;0;0;0;0.586402;0;1;0;1;0;0;0;0
4.61141;0;0.088599;0;0;0;0.581902;0;1;0;1;0;0;0;0
4.61442;0;0.0882989;0;0;0;0.577401;0;1;0;1;0;0;0;0
4.61742;0;0.0879989;0;0;0;0.572901;0;1;0;1;0;0;0;0
4.62042;0;0.0876989;0;0;0;0.568401;1;1;1;1;0;0;0;0
4.62342;0;0.0873988;0;0;0;0.5639;1;1;1;1;0;0;0;0
4.62642;0;0.0870988;0;0;0;0.5594;1;1;1;1;0;0;0;0
4.62942;0;0.0867988;0;0;0;0.554899;1;1;1;1;0;0;0;0
4.63242;0;0.0864988;0;0;0;0.550399;1;0;1;0;0;0;0;0
4.63542;0;0.0861987;0;0;0;0.545898;1;0;1;0;0;0;0;0
4.63842;0;0.0858987;0;0;0;0.541398;1;0;1;0;0;0;0;0
4.64142;0;0.0855987;0;0;0;0.536897;1;0;1;0;0;0;0;0
4.64442;0;0.0852987;0;0;0;0.532397;1;0;1;0;0;0;0;0
4.64742;0;0.0849986;0;0;0;0.527896;1;0;1;0;0;0;0;0
4.65042;0;0.0846986;0;0;0;0.523396;1;0;1;0;0;0;0;0
4.65342;0;0.0843986;0;0;0;0.518896;1;0;1;0;0;0;0;0
4.65642;0;0.0840985;0;0;0;0.514395;1;0;1;0;0;0;0;0
4.65942;0;0.0837985;0;0;0;0.509895;1;0;1;0;0;0;0;0
4.66242;0;0.0834985;0;0;0;0.505394;1;0;1;0;0;0;0;0
4.66542;0;0.0831985;0;0;0;0.500894;1;0;1;0;0;0;0;0
4.66842;0;0.0828984;0;0;0;0.496393;1;0;1;0;0;0;0;0
4.67142;0;0.0825984;0;0;0;0.491893;1;0;1;0;0;0;0;0
4.67442;0;0.0822984;0;0;0;0.487392;1;0;1;0;0;0;0;0
4.67742;0;0.0819984;0;0;0;0.482892;1;0;1;0;0;0;0;0
4.68042;0;0.0816983;0;0;0;0.478392;1;0;1;0;0;0;0;0
4.68342;0;0.0813983;0;0;0;0.473891;1;0;1;0;0;0;0;0
4.68642;0;0.0810983;0;0;0;0.469391;1;0;1;0;0;0;0;0
4.68942;0;0.0807982;0;0;0;0.46489;1;0;1;0;0;0;0;0
4.69242;0;0.0804982;0;0;0;0.46039;1;0;1;0;0;0;0;0
4.69542;0;0.0801982;0;0;0;0.455889;1;0;1;0;0;0;0;0
4.69842;0;0.0798982;0;0;0;0.451389;1;0;1;0;0;0;0;0
4.70142;0;0.0795981;0;0;0;0.446888;1;0;1;0;0;0;0;0
4.70442;0;0.0792981;0;0;0;0.442388;1;0;1;0;0;0;0;0
4.70742;0;0.0789981;0;0;0;0.437887;1;0;1;0;0;0;0;0
4.71042;0;0.0786981;0;0;0;0.433387;1;0;1;0;0;0;0;0
4.71342;0;0.078398;0;0;0;0.428887;1;0;1;0;0;0;0;0
4.71642;0;0.078098;0;0;0;0.424386;1;0;1;0;0;0;0;0
4.71942;0;0.077798;0;0;0;0.419886;1;0;1;0;0;0;0;0
4.72242;0;0.0774979;0;0;0;0.415385;1;0;1;0;0;0;0;0
4.72542;0;0.0771979;0;0;0;0.410885;1;0;1;0;0;0;0;0
4.72843;0;0.0768979;0;0;0;0.406384;1;0;1;0;0;0;0;0
4.73143;0;0.0765979;0;0;0;0.401884;1;0;1;0;0;0;0;0
4.73443;0;0.0762978;0;0;0;0.397383;1;0;1;0;0;0;0;0
4.73743;0;0.0759978;0;0;0;0.392883;1;0;1;0;0;0;0;0
4.74043;0;0.0756978;0;0;0;0.388383;1;0;1;0;0;0;0;0
4.74343;0;0.0753978;0;0;0;0.383882;1;0;1;0;0;0;0;0
4.74643;0;0.0750977;0;0;0;0.379382;1;0;1;0;0;0;0;0
4.74943;0;0.0747977;0;0;0;0.374881;1;0;1;0;0;0;0;0
4.75243;0;0.0744977;0;0;0;0.370381;1;0;1;0;1;1;1;1
4.75543;0;0.0741976;0;0;0;0.36588;1;0;1;0;0;0;0;0
4.75843;0;0.0738976;0;0;0;0.36138;1;0;1;0;0;0;0;0
4.76143;0;0.0735976;0;0;0;0.356879;1;0;1;0;0;0;0;0
4.76443;0;0.0732976;0;0;0;0.352379;1;0;1;0;0;0;0;0
4.76743;0;0.0729975;0;0;0;0.347879;1;0;1;0;0;0;0;0
4.77043;0;0.0726975;0;0;0;0.343378;1;0;1;0;0;0;0;0
4.77343;0;0.0723975;0;0;0;0.338878;1;0;1;0;0;0;0;0
4.77643;0;0.0720975;0;0;0;0.334377;1;0;1;0;0;0;0;0
4.77943;0;0.0717974;0;0;0;0.329877;1;0;1;0;0;0;0;0
4.78243;0;0.0714974;0;0;0;0.325376;1;0;1;0;0;0;0;0
4.78543;0;0.0711974;0;0;0;0.320876;1;0;1;0;0;0;0;0
4.78843;0;0.0708973;0;0;0;0.316375;1;0;1;0;0;0;0;0
4.79143;0;0.0705973;0;0;0;0.311875;1;0;1;0;0;0;0;0
4.79443;0;0.0702973;0;0;0;0.307374;1;0;1;0;0;0;0;0
4.79743;0;0.0699973;0;0;0;0.302874;1;0;1;0;0;0;0;0
4.80043;0;0.0696972;0;0;0;0.298374;1;0;1;0;0;0;0;0
4.80343;0;0.0693972;0;0;0;0.293873;1;0;1;0;0;0;0;0
4.80643;0;0.0690972;0;0;0;0.289373;1;0;1;0;0;0;0;0
4.80943;0;0.0687971;0;0;0;0.284872;1;0;1;0;0;0;0;0
4.81243;0;0.0684971;0;0;0;0.280372;1;0;1;0;0;0;0;0
4.81543;0;0.0681971;0;0;0;0.275871;1;0;1;0;0;0;0;0
4.81843;0;0.0678971;0;0;0;0.271371;1;0;1;0;0;0;0;0
4.82143;0;0.067597;0;0;0;0.26687;1;0;1;0;0;0;0;0
4.82443;0;0.067297;0;0;0;0.26237;1;0;1;0;0;0;0;0
4.82743;0;0.066997;0;0;0;0.25787;1;0;1;0;0;0;0;0
4.83043;0;0.066697;0;0;0;0.253369;1;0;1;0;0;0;0;0
4.83343;0;0.0663969;0;0;0;0.248869;1;0;1;0;0;0;0;0
4.83643;0;0.0660969;0;0;0;0.244368;1;0;1;0;0;0;0;0
4.83943;0;0.0657969;0;0;0;0.239868;1;0;1;0;0;0;0;0
4.84243;0;0.0654968;0;0;0;0.235367;1;0;1;0;0;0;0;0
4.84544;0;0.0651968;0;0;0;0.230867;1;0;1;0;0;0;0;0
4.84844;0;0.0648968;0;0;0;0.226366;1;0;1;0;0;0;0;0
4.85144;0;0.0645968;0;0;0;0.221866;1;0;1;0;0;0;0;0
4.85444;0;0.0642967;0;0;0;0.217366;1;0;1;0;0;0;0;0
4.85744;0;0.0639967;0;0;0;0.212865;1;0;1;0;0;0;0;0
4.86044;0;0.0636967;0;0;0;0.208365;1;0;1;0;0;0;0;0
4.86344;0;0.0633967;0;0;0;0.203864;1;0;1;0;0;0;0;0
4.86644;0;0.0630966;0;0;0;0.199364;1;0;1;0;0;0;0;0
4.86944;0;0.0627966;0;0;0;0.194863;1;0;1;0;0;0;0;0
4.87244;0;0.0624966;0;0;0;0.190363;1;1;1;1;0;0;0;0
4.87544;0;0.0621965;0;0;0;0.185862;1;1;1;1;0;0;0;0
4.87844;0;0.0618965;0;0;0;0.181362;1;1;1;1;0;0;0;0
4.88144;0;0.0615965;0;0;0;0.176861;0;1;0;1;0;0;0;0
4.88444;0;0.0612964;0;0;0;0.172361;0;1;0;1;0;0;0;0
4.88744;0;0.0609964;0;0;0;0.167861;0;1;0;1;0;0;0;0
4.89044;0;0.0606964;0;0;0;0.16336;0;1;0;1;0;0;0;0
4.89344;0;0.0603964;0;0;0;0.15886;0;1;0;1;0;0;0;0
4.89644;0;0.0600963;0;0;0;0.154359;0;1;0;1;0;0;0;0
4.89944;0;0.0597963;0;0;0;0.149859;0;1;0;1;0;0;0;0
4.90244;0;0.0594963;0;0;0;0.145358;0;1;0;1;0;0;0;0
4.90544;0;0.0591962;0;0;0;0.140858;0;1;0;1;0;0;0;0
4.90844;0;0.0588962;0;0;0;0.136357;0;1;0;1;0;0;0;0
4.91144;0;0.0585962;0;0;0;0.131857;0;1;0;1;0;0;0;0
4.91444;0;0.0582961;0;0;0;0.127357;0;1;0;1;0;0;0;0
4.91744;0;0.0579961;0;0;0;0.122856;0;1;0;1;0;0;0;0
4.92044;0;0.0576961;0;0;0;0.118356;0;1;0;1;0;0;0;0
4.92344;0;0.057396;0;0;0;0.113855;0;1;0;1;0;0;0;0
4.92644;0;0.057096;0;0;0;0.109355;0;1;0;1;0;0;0;0
4.92944;0;0.056796;0;0;0;0.104854;0;1;0;1;0;0;0;0
4.93244;0;0.0564959;0;0;0;0.100354;0;1;0;1;0;0;0;0
4.93544;0;0.0561959;0;0;0;0.0958534;0;1;0;1;0;0;0;0
4.93844;0;0.0558959;0;0;0;0.0913529;0;1;0;1;0;0;0;0
4.94144;0;0.0555959;0;0;0;0.0868525;0;1;0;1;0;0;0;0
4.94444;0;0.0552958;0;0;0;0.082352;0;1;0;1;0;0;0;0
4.94744;0;0.0549958;0;0;0;0.0778516;0;1;0;1;0;0;0;0
4.95044;0;0.0546958;0;0;0;0.0733511;0;1;0;1;0;0;0;0
4.95344;0;0.0543957;0;0;0;0.0688507;0;1;0;1;0;0;0;0
4.95644;0;0.0540957;0;0;0;0.0643502;0;1;0;1;0;0;0;0
4.95944;0;0.0537957;0;0;0;0.0598498;0;1;0;1;0;0;0;0
4.96245;0;0.0534956;0;0;0;0.0553493;0;1;0;1;0;0;0;0
4.96545;0;0.0531956;0;0;0;0.0508489;0;1;0;1;0;0;0;0
4.96845;0;0.0528956;0;0;0;0.0463485;0;1;0;1;0;0;0;0
4.97145;0;0.0525955;0;0;0;0.041848;0;1;0;1;0;0;0;0
4.97445;0;0.0522955;0;0;0;0.0373476;0;1;0;1;0;0;0;0
4.97745;0;0.0519955;0;0;0;0.0328471;0;1;0;1;0;0;0;0
4.98045;0;0.0516954;0;0;0;0.0283467;0;1;0;1;0;0;0;0
4.98345;0;0.0513954;0;0;0;0.0238462;0;1;0;1;0;0;0;0
4.98645;0;0.0510954;0;0;0;0.0193458;0;1;0;1;0;0;0;0
4.98945;0;0.0507954;0;0;0;0.0148453;0;1;0;1;0;0;0;0
4.99245;0;0.0504953;0;0;0;0.0103449;0;1;0;1;0;0;0;0
4.99545;0;0.0501953;0;0;0;0.0058444;0;1;0;1;0;0;0;0
4.99845;0;0.0498953;0;0;0;0.00134395;0;1;0;1;0;0;0;0
5.00145;0;0.0495952;0;0;0;0;0;1;0;1;1;1;1;1
5.00445;0;0.0492952;0;0;0;0;0;1;0;1;0;0;0;0
5.00745;0;0.0489952;0;0;0;0;0;1;0;1;0;0;0;0
5.01045;0;0.0486951;0;0;0;0;0;1;0;1;0;0;0;0
5.01345;0;0.0483951;0;0;0;0;0;1;0;1;0;0;0;0
5.01645;0;0.0480951;0;0;0;0;0;1;0;1;0;0;0;0
5.01945;0;0.047795;0;0;0;0;0;1;0;1;0;0;0;0
5.02245;0;0.047495;0;0;0;0;0;1;0;1;0;0;0;0
5.02545;0;0.047195;0;0;0;0;0;1;0;1;0;0;0;0
5.02845;0;0.0468949;0;0;0;0;0;1;0;1;0;0;0;0
5.03145;0;0.0465949;0;0;0;0;0;1;0;1;0;0;0;0
5.03445;0;0.0462949;0;0;0;0;0;1;0;1;0;0;0;0
5.03745;0;0.0459949;0;0;0;0;0;1;0;1;0;0;0;0
5.04045;0;0.0456948;0;0;0;0;0;1;0;1;0;0;0;0
5.04345;0;0.0453948;0;0;0;0;0;1;0;1;0;0;0;0
5.04645;0;0.0450948;0;0;0;0;0;1;0;1;0;0;0;0
5.04945;0;0.0447947;0;0;0;0;0;1;0;1;0;0;0;0
5.05245;0;0.0444947;0;0;0;0;0;1;0;1;0;0;0;0
5.05545;0;0.0441947;0;0;0;0;0;1;0;1;0;0;0;0
5.05845;0;0.0438946;0;0;0;0;0;1;0;1;0;0;0;0
5.06145;0;0.0435946;0;0;0;0;0;1;0;1;0;0;0;0
5.06445;0;0.0432946;0;0;0;0;0;1;0;1;0;0;0;0
5.06745;0;0.0429945;0;0;0;0;0;1;0;1;0;0;0;0
5.07045;0;0.0426945;0;0;0;0;0;1;0;1;0;0;0;0
5.07345;0;0.0423945;0;0;0;0;0;1;0;1;0;0;0;0
5.07646;0;0.0420945;0;0;0;0;0;1;0;1;0;0;0;0
5.07946;0;0.0417944;0;0;0;0;0;1;0;1;0;0;0;0
5.08246;0;0.0414944;0;0;0;0;0;1;0;1;0;0;0;0
5.08546;0;0.0411944;0;0;0;0;0;1;0;1;0;0;0;0
5.08846;0;0.0408943;0;0;0;0;0;1;0;1;0;0;0;0
5.09146;0;0.0405943;0;0;0;0;0;1;0;1;0;0;0;0
5.09446;0;0.0402943;0;0;0;0;0;1;0;1;0;0;0;0
5.09746;0;0.0399942;0;0;0;0;0;1;0;1;0;0;0;0
5.10046;0;0.0396942;0;0;0;0;0;1;0;1;0;0;0;0
5.10346;0;0.0393942;0;0;0;0;0;1;0;1;0;0;0;0
5.10646;0;0.0390941;0;0;0;0;0;1;0;1;0;0;0;0
5.10946;0;0.0387941;0;0;0;0;0;1;0;1;0;0;0;0
5.11246;0;0.0384941;0;0;0;0;0;1;0;1;0;0;0;0
5.11546;0;0.038194;0;0;0;0;0;1;0;1;0;0;0;0
5.11846;0;0.037894;0;0;0;0;0;1;0;1;0;0;0;0
5.12146;0;0.037594;0;0;0;0;1;1;1;1;0;0;0;0
5.12446;0;0.037294;0;0;0;0;1;1;1;1;0;0;0;0
5.12746;0;0.0369939;0;0;0;0;1;1;1;1;0;0;0;0
5.13046;0;0.0366939;0;0;0;0;1;0;1;0;0;0;0;0
5.13346;0;0.0363939;0;0;0;0;1;0;1;0;0;0;0;0
5.13646;0;0.0360938;0;0;0;0;1;0;1;0;0;0;0;0
5.13946;0;0.0357938;0;0;0;0;1;0;1;0;0;0;0;0
5.14246;0;0.0354938;0;0;0;0;1;0;1;0;0;0;0;0
5.14546;0;0.0351937;0;0;0;0;1;0;1;0;0;0;0;0
5.14846;0;0.0348937;0;0;0;0;1;0;1;0;0;0;0;0
5.15146;0;0.0345937;0;0;0;0;1;0;1;0;0;0;0;0
5.15446;0;0.0342936;0;0;0;0;1;0;1;0;0;0;0;0
5.15746;0;0.0339936;0;0;0;0;1;0;1;0;0;0;0;0
5.16046;0;0.0336936;0;0;0;0;1;0;1;0;0;0;0;0
5.16346;0;0.0333935;0;0;0;0;1;0;1;0;0;0;0;0
5.16646;0;0.0330935;0;0;0;0;1;0;1;0;0;0;0;0
5.16946;0;0.0327935;0;0;0;0;1;0;1;0;0;0;0;0
5.17246;0;0.0324935;0;0;0;0;1;0;1;0;0;0;0;0
5.17546;0;0.0321934;0;0;0;0;1;0;1;0;0;0;0;0
5.17846;0;0.0318934;0;0;0;0;1;0;1;0;0;0;0;0
5.18146;0;0.0315934;0;0;0;0;1;0;1;0;0;0;0;0
5.18446;0;0.0312933;0;0;0;0;1;0;1;0;0;0;0;0
5.18746;0;0.0309933;0;0;0;0;1;0;1;0;0;0;0;0
5.19046;0;0.0306933;0;0;0;0;1;0;1;0;0;0;0;0
5.19347;0;0.0303932;0;0;0;0;1;0;1;0;0;0;0;0
5.19647;0;0.0300932;0;0;0;0;1;0;1;0;0;0;0;0
5.19947;0;0.0297932;0;0;0;0;1;0;1;0;0;0;0;0
5.20247;0;0.0294932;0;0;0;0;1;0;1;0;0;0;0;0
5.20547;0;0.0291931;0;0;0;0;1;0;1;0;0;0;0;0
5.20847;0;0.0288931;0;0;0;0;1;0;1;0;0;0;0;0
5.21147;0;0.0285931;0;0;0;0;1;0;1;0;0;0;0;0
5.21447;0;0.028293;0;0;0;0;1;0;1;0;0;0;0;0
5.21747;0;0.027993;0;0;0;0;1;0;1;0;0;0;0;0
5.22047;0;0.027693;0;0;0;0;1;0;1;0;0;0;0;0
5.22347;0;0.0273929;0;0;0;0;1;0;1;0;0;0;0;0
5.22647;0;0.0270929;0;0;0;0;1;0;1;0;0;0;0;0
5.22947;0;0.0267929;0;0;0;0;1;0;1;0;0;0;0;0
5.23247;0;0.0264929;0;0;0;0;1;0;1;0;0;0;0;0
5.23547;0;0.0261928;0;0;0;0;1;0;1;0;0;0;0;0
5.23847;0;0.0258928;0;0;0;0;1;0;1;0;0;0;0;0
5.24147;0;0.0255928;0;0;0;0;1;0;1;0;0;0;0;0
5.24447;0;0.0252927;0;0;0;0;1;0;1;0;0;0;0;0
5.24747;0;0.0249927;0;0;0;0;1;0;1;0;0;0;0;0
5.25047;0;0.0246927;0;0;0;0;1;0;1;0;1;1;1;1
5.25347;0;0.0243927;0;0;0;0;1;0;1;0;0;0;0;0
5.25647;0;0.0240926;0;0;0;0;1;0;1;0;0;0;0;0
5.25947;0;0.0237926;0;0;0;0;1;0;1;0;0;0;0;0
5.26247;0;0.0234926;0;0;0;0;1;0;1;0;0;0;0;0
5.26547;0;0.0231925;0;0;0;0;1;0;1;0;0;0;0;0
5.26847;0;0.0228925;0;0;0;0;1;0;1;0;0;0;0;0
5.27147;0;0.0225925;0;0;0;0;1;0;1;0;0;0;0;0
5.27447;0;0.0222925;0;0;0;0;1;0;1;0;0;0;0;0
5.27747;0;0.0219924;0;0;0;0;1;0;1;0;0;0;0;0
5.28047;0;0.0216924;0;0;0;0;1;0;1;0;0;0;0;0
5.28347;0;0.0213924;0;0;0;0;1;0;1;0;0;0;0;0
5.28647;0;0.0210923;0;0;0;0;1;0;1;0;0;0;0;0
5.28947;0;0.0207923;0;0;0;0;1;0;1;0;0;0;0;0
5.29247;0;0.0204923;0;0;0;0;1;0;1;0;0;0;0;0
5.29547;0;0.0201922;0;0;0;0;1;0;1;0;0;0;0;0
5.29847;0;0.0198922;0;0;0;0;1;0;1;0;0;0;0;0
5.30147;0;0.0195922;0;0;0;0;1;0;1;0;0;0;0;0
5.30447;0;0.0192922;0;0;0;0;1;0;1;0;0;0;0;0
5.30748;0;0.0189921;0;0;0;0;1;0;1;0;0;0;0;0
5.31048;0;0.0186921;0;0;0;0;1;0;1;0;0;0;0;0
5.31348;0;0.0183921;0;0;0;0;1;0;1;0;0;0;0;0
5.31648;0;0.018092;0;0;0;0;1;0;1;0;0;0;0;0
5.31948;0;0.017792;0;0;0;0;1;0;1;0;0;0;0;0
5.32248;0;0.017492;0;0;0;0;1;0;1;0;0;0;0;0
5.32548;0;0.017192;0;0;0;0;1;0;1;0;0;0;0;0
5.32848;0;0.0168919;0;0;0;0;1;0;1;0;0;0;0;0
5.33148;0;0.0165919;0;0;0;0;1;0;1;0;0;0;0;0
5.33448;0;0.0162919;0;0;0;0;1;0;1;0;0;0;0;0
5.33748;0;0.0159918;0;0;0;0;1;0;1;0;0;0;0;0
5.34048;0;0.0156918;0;0;0;0;1;0;1;0;0;0;0;0
5.34348;0;0.0153918;0;0;0;0;1;0;1;0;0;0;0;0
5.34648;0;0.0150917;0;0;0;0;1;0;1;0;0;0;0;0
5.34948;0;0.0147917;0;0;0;0;1;0;1;0;0;0;0;0
5.35248;0;0.0144917;0;0;0;0;1;0;1;0;0;0;0;0
5.35548;0;0.0141917;0;0;0;0;1;0;1;0;0;0;0;0
5.35848;0;0.0138916;0;0;0;0;1;0;1;0;0;0;0;0
5.36148;0;0.0135916;0;0;0;0;1;0;1;0;0;0;0;0
5.36448;0;0.0132916;0;0;0;0;1;0;1;0;0;0;0;0
5.36748;0;0.0129915;0;0;0;0;1;0;1;0;0;0;0;0
5.37048;0;0.0126915;0;0;0;0;1;1;1;1;0;0;0;0
5.37348;0;0.0123915;0;0;0;0;1;1;1;1;0;0;0;0
5.37648;0;0.0120914;0;0;0;0;1;1;1;1;0;0;0;0
5.37948;0;0.0117914;0;0;0;0;1;1;1;1;0;0;0;0
5.38248;0;0.0114914;0;0;0;0;0;1;0;1;0;0;0;0
5.38548;0;0.0111914;0;0;0;0;0;1;0;1;0;0;0;0
5.38848;0;0.0108913;0;0;0;0;0;1;0;1;0;0;0;0
5.39148;0;0.0105913;0;0;0;0;0;1;0;1;0;0;0;0
5.39448;0;0.0102913;0;0;0;0;0;1;0;1;0;0;0;0
5.39748;0;0.00999123;0;0;0;0;0;1;0;1;0;0;0;0
5.40048;0;0.0096912;0;0;0;0;0;1;0;1;0;0;0;0
5.40348;0;0.00939117;0;0;0;0;0;1;0;1;0;0;0;0
5.40648;0;0.00909114;0;0;0;0;0;1;0;1;0;0;0;0
5.40948;0;0.00879111;0;0;0;0;0;1;0;1;0;0;0;0
5.41248;0;0.00849108;0;0;0;0;0;1;0;1;0;0;0;0
5.41548;0;0.00819105;0;0;0;0;0;1;0;1;0;0;0;0
5.41848;0;0.00789102;0;0;0;0;0;1;0;1;0;0;0;0
5.42148;0;0.00759099;0;0;0;0;0;1;0;1;0;0;0;0
5.42449;0;0.00729096;0;0;0;0;0;1;0;1;0;0;0;0
5.42749;0;0.00699093;0;0;0;0;0;1;0;1;0;0;0;0
5.43049;0;0.0066909;0;0;0;0;0;1;0;1;0;0;0;0
5.43349;0;0.00639087;0;0;0;0;0;1;0;1;0;0;0;0
5.43649;0;0.00609084;0;0;0;0;0;1;0;1;0;0;0;0
5.43949;0;0.00579081;0;0;0;0;0;1;0;1;0;0;0;0
5.44249;0;0.00549078;0;0;0;0;0;1;0;1;0;0;0;0
5.44549;0;0.00519075;0;0;0;0;0;1;0;1;0;0;0;0
5.44849;0;0.00489072;0;0;0;0;0;1;0;1;0;0;0;0
5.45149;0;0.00459069;0;0;0;0;0;1;0;1;0;0;0;0
5.45449;0;0.00429066;0;0;0;0;0;1;0;1;0;0;0;0
5.45749;0;0.00399063;0;0;0;0;0;1;0;1;0;0;0;0
5.46049;0;0.0036906;0;0;0;0;0;1;0;1;0;0;0;0
5.46349;0;0.00339057;0;0;0;0;0;1;0;1;0;0;0;0
5.46649;0;0.00309054;0;0;0;0;0;1;0;1;0;0;0;0
5.46949;0;0.00279051;0;0;0;0;0;1;0;1;0;0;0;0
5.47249;0;0.00249048;0;0;0;0;0;1;0;1;0;0;0;0
5.47549;0;0.00219045;0;0;0;0;0;1;0;1;0;0;0;0
5.47849;0;0.00189042;0;0;0;0;0;1;0;1;0;0;0;0
5.48149;0;0.00159039;0;0;0;0;0;1;0;1;0;0;0;0
5.48449;0;0.00129036;0;0;0;0;0;1;0;1;0;0;0;0
5.48749;0;0.000990327;0;0;0;0;0;1;0;1;0;0;0;0
5.49049;0;0.000690297;0;0;0;0;0;1;0;1;0;0;0;0
5.49349;0;0.000390267;0;0;0;0;0;1;0;1;0;0;0;0
5.49649;0;9.0237e-05;0;0;0;0;0;1;0;1;0;0;0;0
5.49949;0;0;0;0;0;0;0;1;0;1;0;0;0;0
5.50249;0;0;0;0;0;0;0;1;0;1;0;1;0;1
5.50549;0;0;0;0;0;0;0;1;0;1;0;0;0;0
5.50849;0;0;0;0;0;0;0;1;0;1;0;0;0;0
5.51149;0;0;0;0;0;0;0;1;0;1;0;0;0;0
5.51449;0;0;0;0;0;0;0;1;0;1;0;0;0;0
5.51749;0;0;0;0;0;0;0;1;0;1;0;0;0;0
5.52049;0;0;0;0;0;0;0;1;0;1;0;0;0;0
5.52349;0;0;0;0;0;0;0;1;0;1;0;0;0;0
5.52649;0;0;0;0;0;0;0;1;0;1;0;0;0;0
5.52949;0;0;0;0;0;0;0;1;0;1;0;0;0;0
5.53249;0;0;0;0;0;0;0;1;0;1;0;0;0;0
5.53549;0;0;0;0;0;0;0;1;0;1;0;0;0;0
5.5385;0;0;0;0;0;0;0;1;0;1;0;0;0;0
5.5415;0;0;0;0;0;0;0;1;0;1;0;0;0;0
5.5445;0;0;0;0;0;0;0;1;0;1;0;0;0;0
5.5475;0;0;0;0;0;0;0;1;0;1;0;0;0;0
5.5505;0;0;0;0;0;0;0;1;0;1;0;0;0;0
5.5535;0;0;0;0;0;0;0;1;0;1;0;0;0;0
5.5565;0;0;0;0;0;0;0;1;0;1;0;0;0;0
5.5595;0;0;0;0;0;0;0;1;0;1;0;0;0;0
5.5625;0;0;0;0;0;0;0;1;0;1;0;0;0;0
5.5655;0;0;0;0;0;0;0;1;0;1;0;0;0;0
5.5685;0;0;0;0;0;0;0;1;0;1;0;0;0;0
5.5715;0;0;0;0;0;0;0;1;0;1;0;0;0;0
5.5745;0;0;0;0;0;0;0;1;0;1;0;0;0;0
5.5775;0;0;0;0;0;0;0;1;0;1;0;0;0;0
5.5805;0;0;0;0;0;0;0;1;0;1;0;0;0;0
5.5835;0;0;0;0;0;0;0;1;0;1;0;0;0;0
5.5865;0;0;0;0;0;0;0;1;0;1;0;0;0;0
5.5895;0;0;0;0;0;0;0;1;0;1;0;0;0;0
5.5925;0;0;0;0;0;0;0;1;0;1;0;0;0;0
5.5955;0;0;0;0;0;0;0;1;0;1;0;0;0;0
5.5985;0;0;0;0;0;0;0;1;0;1;0;0;0;0
5.6015;0;0;0;0;0;0;0;1;0;1;0;0;0;0
5.6045;0;0;0;0;0;0;0;1;0;1;0;0;0;0
5.6075;0;0;0;0;0;0;0;1;0;1;0;0;0;0
5.6105;0;0;0;0;0;0;0;1;0;1;0;0;0;0
5.6135;0;0;0;0;0;0;0;1;0;1;0;0;0;0
5.6165;0;0;0;0;0;0;0;1;0;1;0;0;0;0
5.6195;0;0;0;0;0;0;0;1;0;1;0;0;0;0
5.6225;0;0;0;0;0;0;0;1;0;1;0;0;0;0
5.6255;0;0;0;0;0;0;0;1;0;1;0;0;0;0
5.6285;0;0;0;0;0;0;0;1;0;1;0;0;0;0
5.6315;0;0;0;0;0;0;0;0;0;0;0;0;0;0
5.6345;0;0;0;0;0;0;0;0;0;0;0;0;0;0
5.6375;0;0;0;0;0;0;0;0;0;0;0;0;0;0
5.6405;0;0;0;0;0;0;0;0;0;0;0;0;0;0
5.6435;0;0;0;0;0;0;0;0;0;0;0;0;0;0
5.6465;0;0;0;0;0;0;0;0;0;0;0;0;0;0
5.6495;0;0;0;0;0;0;0;0;0;0;0;0;0;0
5.6525;0;0;0;0;0;0;0;0;0;0;0;0;0;0
5.65551;0;0;0;0;0;0;0;0;0;0;0;0;0;0
5.65851;0;0;0;0;0;0;0;0;0;0;0;0;0;0
5.66151;0;0;0;0;0;0;0;0;0;0;0;0;0;0
5.66451;0;0;0;0;0;0;0;0;0;0;0;0;0;0
5.66751;0;0;0;0;0;0;0;0;0;0;0;0;0;0
5.67051;0;0;0;0;0;0;0;0;0;0;0;0;0;0
5.67351;0;0;0;0;0;0;0;0;0;0;0;0;0;0
5.67651;0;0;0;0;0;0;0;0;0;0;0;0;0;0
5.67951;0;0;0;0;0;0;0;0;0;0;0;0;0;0
5.68251;0;0;0;0;0;0;0;0;0;0;0;0;0;0
5.68551;0;0;0;0;0;0;0;0;0;0;0;0;0;0
5.68851;0;0;0;0;0;0;0;0;0;0;0;0;0;0
5.69151;0;0;0;0;0;0;0;0;0;0;0;0;0;0
5.69451;0;0;0;0;0;0;0;0;0;0;0;0;0;0
5.69751;0;0;0;0;0;0;0;0;0;0;0;0;0;0
5.70051;0;0;0;0;0;0;0;0;0;0;0;0;0;0
5.70351;0;0;0;0;0;0;0;0;0;0;0;0;0;0
5.70651;0;0;0;0;0;0;0;0;0;0;0;0;0;0
5.70951;0;0;0;0;0;0;0;0;0;0;0;0;0;0
5.71251;0;0;0;0;0;0;0;0;0;0;0;0;0;0
5.71551;0;0;0;0;0;0;0;0;0;0;0;0;0;0
5.71851;0;0;0;0;0;0;0;0;0;0;0;0;0;0
5.72151;0;0;0;0;0;0;0;0;0;0;0;0;0;0
5.72451;0;0;0;0;0;0;0;0;0;0;0;0;0;0
5.72751;0;0;0;0;0;0;0;0;0;0;0;0;0;0
5.73051;0;0;0;0;0;0;0;0;0;0;0;0;0;0
5.73351;0;0;0;0;0;0;0;0;0;0;0;0;0;0
5.73651;0;0;0;0;0;0;0;0;0;0;0;0;0;0
5.73951;0;0;0;0;0;0;0;0;0;0;0;0;0;0
5.74251;0;0;0;0;0;0;0;0;0;0;0;0;0;0
5.74551;0;0;0;0;0;0;0;0;0;0;0;0;0;0
5.74851;0;0;0;0;0;0;0;0;0;0;0;0;0;0
5.75151;0;0;0;0;0;0;0;0;0;0;0;0;0;0
5.75451;0;0;0;0;0;0;0;0;0;0;0;0;0;0
5.75751;0;0;0;0;0;0;0;0;0;0;0;0;0;0
5.76051;0;0;0;0;0;0;0;0;0;0;0;0;0;0
5.76351;0;0;0;0;0;0;0;0;0;0;0;0;0;0
5.76651;0;0;0;0;0;0;0;0;0;0;0;0;0;0
5.76952;0;0;0;0;0;0;0;0;0;0;0;0;0;0
5.77252;0;0;0;0;0;0;0;0;0;0;0;0;0;0
5.77552;0;0;0;0;0;0;0;0;0;0;0;0;0;0
5.77852;0;0;0;0;0;0;0;0;0;0;0;0;0;0
5.78152;0;0;0;0;0;0;0;0;0;0;0;0;0;0
5.78452;0;0;0;0;0;0;0;0;0;0;0;0;0;0
5.78752;0;0;0;0;0;0;0;0;0;0;0;0;0;0
5.79052;0;0;0;0;0;0;0;0;0;0;0;0;0;0
5.79352;0;0;0;0;0;0;0;0;0;0;0;0;0;0
5.79652;0;0;0;0;0;0;0;0;0;0;0;0;0;0
5.79952;0;0;0;0;0;0;0;0;0;0;0;0;0;0
5.80252;0;0;0;0;0;0;0;0;0;0;0;0;0;0
5.80552;0;0;0;0;0;0;0;0;0;0;0;0;0;0
5.80852;0;0;0;0;0;0;0;0;0;0;0;0;0;0
5.81152;0;0;0;0;0;0;0;0;0;0;0;0;0;0
5.81452;0;0;0;0;0;0;0;0;0;0;0;0;0;0
5.81752;0;0;0;0;0;0;0;0;0;0;0;0;0;0
5.82052;0;0;0;0;0;0;0;0;0;0;0;0;0;0
5.82352;0;0;0;0;0;0;0;0;0;0;0;0;0;0
5.82652;0;0;0;0;0;0;0;0;0;0;0;0;0;0
5.82952;0;0;0;0;0;0;0;0;0;0;0;0;0;0
5.83252;0;0;0;0;0;0;0;0;0;0;0;0;0;0
5.83552;0;0;0;0;0;0;0;0;0;0;0;0;0;0
5.83852;0;0;0;0;0;0;0;0;0;0;0;0;0;0
5.84152;0;0;0;0;0;0;0;0;0;0;0;0;0;0
5.84452;0;0;0;0;0;0;0;0;0;0;0;0;0;0
5.84752;0;0;0;0;0;0;0;0;0;0;0;0;0;0
5.85052;0;0;0;0;0;0;0;0;0;0;0;0;0;0
5.85352;0;0;0;0;0;0;0;0;0;0;0;0;0;0
5.85652;0;0;0;0;0;0;0;0;0;0;0;0;0;0
5.85952;0;0;0;0;0;0;0;0;0;0;0;0;0;0
5.86252;0;0;0;0;0;0;0;0;0;0;0;0;0;0
5.86552;0;0;0;0;0;0;0;0;0;0;0;0;0;0
5.86852;0;0;0;0;0;0;0;0;0;0;0;0;0;0
5.87152;0;0;0;0;0;0;0;0;0;0;0;0;0;0
5.87452;0;0;0;0;0;0;0;0;0;0;0;0;0;0
5.87752;0;0;0;0;0;0;0;0;0;0;0;0;0;0
5.88052;0;0;0;0;0;0;0;0;0;0;0;0;0;0
5.88352;0;0;0;0;0;0;0;0;0;0;0;0;0;0
5.88653;0;0;0;0;0;0;0;0;0;0;0;0;0;0
5.88953;0;0;0;0;0;0;0;0;0;0;0;0;0;0
5.89253;0;0;0;0;0;0;0;0;0;0;0;0;0;0
5.89553;0;0;0;0;0;0;0;0;0;0;0;0;0;0
5.89853;0;0;0;0;0;0;0;0;0;0;0;0;0;0
5.90153;0;0;0;0;0;0;0;0;0;0;0;0;0;0
5.90453;0;0;0;0;0;0;0;0;0;0;0;0;0;0
5.90753;0;0;0;0;0;0;0;0;0;0;0;0;0;0
5.91053;0;0;0;0;0;0;0;0;0;0;0;0;0;0
5.91353;0;0;0;0;0;0;0;0;0;0;0;0;0;0
5.91653;0;0;0;0;0;0;0;0;0;0;0;0;0;0
5.91953;0;0;0;0;0;0;0;0;0;0;0;0;0;0
5.92253;0;0;0;0;0;0;0;0;0;0;0;0;0;0
5.92553;0;0;0;0;0;0;0;0;0;0;0;0;0;0
5.92853;0;0;0;0;0;0;0;0;0;0;0;0;0;0
5.93153;0;0;0;0;0;0;0;0;0;0;0;0;0;0
5.93453;0;0;0;0;0;0;0;0;0;0;0;0;0;0
5.93753;0;0;0;0;0;0;0;0;0;0;0;0;0;0
5.94053;0;0;0;0;0;0;0;0;0;0;0;0;0;0
5.94353;0;0;0;0;0;0;0;0;0;0;0;0;0;0
5.94653;0;0;0;0;0;0;0;0;0;0;0;0;0;0
5.94953;0;0;0;0;0;0;0;0;0;0;0;0;0;0
5.95253;0;0;0;0;0;0;0;0;0;0;0;0;0;0
5.95553;0;0;0;0;0;0;0;0;0;0;0;0;0;0
5.95853;0;0;0;0;0;0;0;0;0;0;0;0;0;0
5.96153;0;0;0;0;0;0;0;0;0;0;0;0;0;0
5.96453;0;0;0;0;0;0;0;0;0;0;0;0;0;0
5.96753;0;0;0;0;0;0;0;0;0;0;0;0;0;0
5.97053;0;0;0;0;0;0;0;0;0;0;0;0;0;0
5.97353;0;0;0;0;0;0;0;0;0;0;0;0;0;0
5.97653;0;0;0;0;0;0;0;0;0;0;0;0;0;0
5.97953;0;0;0;0;0;0;0;0;0;0;0;0;0;0
5.98253;0;0;0;0;0;0;0;0;0;0;0;0;0;0
5.98553;0;0;0;0;0;0;0;0;0;0;0;0;0;0
5.98853;0;0;0;0;0;0;0;0;0;0;0;0;0;0
5.99153;0;0;0;0;0;0;0;0;0;0;0;0;0;0
5.99453;0;0;0;0;0;0;0;0;0;0;0;0;0;0
5.99753;0;0;0;0;0;0;0;0;0;0;0;0;0;0
